,
[གྱོག་ མོ],
[ཨིན་ ཧིན་],
[ལག་ ཁུམ་],
[ནོ ར་],
[ཞ་ ཡིས་],
[ཚུ ར་],
[ཉི་ འས་],ཉ
[བཤད ་ དྲེ་],
[ཆི་ ཟེར་],
[མནན་ ཏང་ ང་],
[ཟེར་ ཁ་ ཡེ ས་],
[ཡོད་ རེ་],
[ཆི་ ཟི་],
[མེད་ ནོ],
[སྔུན་ ན་],
[འགྱོ་ འི་],
[ཡག་ དཔའ་ ཟི་],
[འདི་ འེ་],
[མྱིང་ ང་],
[ཆི་ ཟེ_ ར་],
[མྱིང་ ཡ་],
[ག་ མོ་],
[འདི་ འི་],
[ལྟག་ འ་],
[འཛུ ས་ བསྡད་],
[ཚོགས་ ག་],
[ནང་ ང་],
[འཇུག་ གོ],
[སྐུར་ ར་],
[བསྐུར་ ར་],
[ཤི་ རིས་],
[ཅི ས་],
[ཁྲི ས་ འོ་],
[བུད་ ཚོང་],
[ལུག་ སྲུང་],
[བརྡ་ རྟགས་],
[ཇ་ གང་],
[ཏོག་ གོ་],
[སོ་ གཉིས],
[གང་ སྐྱིད་],
[འདི་ འུ ས་],
[ཡེ ས་],
[སྟེང་ ང་],
[མང་ ང་],
[བཅུག་ བཏང་],
[རེད་ དྲ་],
[ཚོགས་ ག],
[བཅུག་ ས],
[འགྱོ་ ར་],
[འགྱོ་ འུ་],
[ཚར་ དུ ས་],
[འཛུ ས་ ཡེ ས་],
[དུ་ མོ་],
[པ ར་],
[ཕོ་ མོང་],
[ཨ་ མི་ དྷེ་ ཝ་],
[ཨོ་ ཡ],
[ས་ བོ་],
[བཀའ་དྲིན་ ཆེ],
[བསམ་ རྒྱུ་],
[ནེམ་ ཁྲི་],
[ལས་ འོ་],
[ཆེད་ གོ་],
[ངི་ ཆ་],
[དཀའ་ འུ་],
[མེ་ ཁུ་],
[འབྲི་ རྒན་],
[སོང་ ང་],
[ཡོང་ ངེ་],
[ནངས་ རེས་],
[ཨོ་ ལེ],
[ནང་ རེས་],
[སྔ་ སེ་],
[བཀར་ རྒྱུ་],
[ཐོན་ ཐལ་],
[བསྡད་ དོ་],
[ཤོགས་ ར་],
[ཧར་ ར་],
[དགོས་ འུ་],
[ཐོན་ དང་],
[སྐད་ ཙིག་],
[གཏང་ ས་],
[ཁུ་ སྒེ ས་],
[ཁོ་ སྒེ ར་],
[སྐད་ འཕྲིན་],
[ཨ་ བེ་],
[ཡིན་ ནེ་],
[དི་ རེ་],
[དེ་ རེད],
[ཨོ་ ཡ་],
[ཕ ར་],
[ཧྲ་ རྒྱུ་],
[ཁུར་ ཙང་],
[ཤོག་ ར་],
[ཡར་ ར་],
[བུད་ ཐལ་],
[ཚུ་ ར་],
[བུད་ ཐལ],
[བརྫས་ _  ར་],
[དི་ འུ ས་],
[དེ་ དགོང་],
[ཁྱོད་ སྒེ ར་],
[ཁུར་ གེ་],
[ཤོགས་ ར],
[རང་ ང་],
[མྱེ་ གཞིས་],
[ཉིན་ ཚིག་],
[འདི ས་ མོ་],
[བཙའ་ འོ་],
[བཙལ་ འོ་],
[ཐོན་ ཏང་],
[རིག་ འ],
[ཤོགས་ ཡ་],
[ཉིས་ ཀ་],
[མི་ དྷེ་ ཝ་],
[འོད་ མཚན་],
[ལབ་ ཏང་],
[དགོས་ སྐྱིད་],
[ད་ འུ],
[དུ་ ཚོ་],
[འགྲོགས་ འས་],
[ཁ་ཕྱེ ་],
[སྡེ་ སང་],
[ལག་ ཀ་],
[ཨིན་ འུན],
[ལག་ ཀ],
[ལེ་ ལེ],
[གཙོག་ པ་],
[འགྱོ་ ཡས],
[འུ་ཉ ས་],
[མགྱོགས་ ཧ་],
[ཡུན་ ཟ་],
[དཀར་ རོ་],
[འུན་ ཧུན],
[ཁེར་ བུ་],
[འདི་ ཉ་],
[བཞི་ བ་],
[བརྒྱད་ པ་],
[མགོ་ རྡོ],
[གླང་ དམར་],
[སེར་ རོ་],
[ཁྱེད་ ཉ་],
[སྐོམ་ ཆུ་],
[ཆུ་ བླུགས],
[ཁྱི་ པ],
[ཁྱི་ སྐྱག],
[མིན་ན ས་],
[ཁྱེད་ ཉ],
[མིན་ན ས],
[རྩ་ དྲུག],
[དགུ་ བཅུ་],
[ཆི་ ཡེད་],
[དཀར་ རོ],
[དེ་ རང་],
[རྫ ས],
[རྫ ས་],
[དུ ས],
[མཛུག་ འུ་],
[ངེད་ ཉ་],
[འུ་ ཆ་],
[ཀན་ ན],
[སྩ་ མོ་],
[ཨུ་ འོ],
[ཨུ་ ན],
[ངེད་ ཉ],
[དབྱ ར་ རྩྭ་],
[འུན་ ཧིན],
[ལག་ འ་],
[ཡག་ ཀ་],
[དུ་ ན་],
[ལྕགས་ རྟ་],
[ར ས་],
[ཨུ་ འུ],
[ཨ་ འོ],
[གན་ ཆོ་],
[ང་ གི་],
[ལྕགས་ རྟ],
[རྫ་ དེད་],
[ཁྱོ་ འདེ་],
[འགྲོ་ ཧ་],
[ཤོག་ འུ་],
[ཡག་ ཧ་],
[མ་ ཁུ་],
[ཉྭ་ ཟི་],
[བྱུང་ ཀི་],
[ལྟ་ འི་],
[སོང་ ངེ་],
[བཅུ་ ཐམ་པ],
[ཁྱུར་ ཆས་],
[རུ ས་],
[སྩོག་ འ་],
[ཁྱེར་ ར་],
[བདག་ འོ་],
[ཁ་ ཧྤེ་],
[སུ ར་],
[ཉིས་ འ་],
[ཕྱིར་ ར་],
[ཡག་ ག་],
[སྡུག་ ཧ་],
[དགོ་ འགྲེ་],
[ཁྱུར་ སྒེ་],
[ཞོལ་ འུ],
[ཉ་ འ་],
[བདག་ ཀོ],
[བྱ་ འགུལ་],
[ཀན་ གི],
[ཙིག་ འ་],
[ཆི ས་],
[སྐོམ་ ཆུ],
[ཨོ་ ལ],
[ཡེད་ ཡས་],
[བྱ་ འགུལ],
[ཁོང་ ཆ་],
[ཡི་ འེ་],
[འུ་ ཆས་],
[འདེ་ ཡ་],
[སྡེ་ མིག་],
[ཇ་ ལྡུགས་],
[ལྕགས་ རྫ་],
[དུ་ སོ་],
[དུ ས་],
[འགྱེད་ ཏོན],
[བཅའ་ ཟེ],
[གླུ་ ལེན་],
[རྒྱུགས་ ཤོག],
[ཆི་ འུ ས་],
[ཐད་ པ་],
[ཡེད་ ནོ་],
[དུ་ འས་],
[ཡེད་ ད ས་],
[ཁྱབ་ སྒྲགས],
[ཁུར་ གི་],
[དང་ བོ་],
[གཉིས་ བ་],
[དོ་ ཚིག],
[ལྡེ་ མིག],
[ཁང་ བ་],
[རྒྱུགས་ ཤོག་],
[ཕལ་ ཆད],
[ཧོ ས་ ཡ་],
[འདང་ ར་],
[ཧན་ ན],
[ཁོ་ སོ་],
[-པ ས],
[ན་ ནང་],
[དོ་ ཚིག་],
[དུ་ ཡ་],
[ཐ་ ཚོ་],
[ཁྱེད་ ཆ་],
[འདི་ ཆས་],
[བཀོད་ སྒྲིགས་],
[ཁྱེད་ ཚོ་],
[རྒྱུགས་ སྤྲད་],
[ཁ་ཡ ས],
[རྩ་ ཡ་],
[ཡོང་ གྱེ་],
[ད་ སྒེ་],
[འགྱོ་ གྱེ་],
[གྱི་ ན་],
[ནོ ར་ རྫ་],
[རོགས་ འ་],
[ལུག་ རྫ་],
[དྲག་ ག],
[ཟིག་ འ་],
[བཞོ་ ས་],
[ཐུར་ ར་],
[ཤོག་ ད་],
[ང་ སྒུ་],
[ཡག་ འ་],
[ཁྱིམ་ མ་],
[བཏང་ ངེ་],
[སྡུག་ ཧོ་],
[ཉོ་ གྱེ་],
[རྩེ་ ཡས་],
[རླུངས་ འཁར་],
[ཧོ ས་],
[ཁྱེར་ རེ་],
[རྫོག་ འས་],
[ཕོ་ མིང་],
[འབབ་ གི་],
[འདི་ སྒེ],
[སྒོང་ ངས་],
[མེ་ ཐོག་],
[དུ་ སྒེ་],
[ཆེ་ པོ་],
[བཅའ་ སྐྱིད་],
[ཡོ་ གྱོ་],
[ཆག་ འས་],
[ཡོ་ འགྲེ་],
[ཞ་ ཞེ་],
[མེད་ ཚ་],
[ཨ་ ཞང་],
[གེམ་ ཆེན་],
[དུ་ འེ ས་],
[ཡིན་ འགྲེ་],
[སོང་ ངས་],
[རྩེ་ སྐྱིད་],
[རྡོ་ རིས་],
[བྲ ས་],
[བདའ་ ཡེ་],
[བཟུང་ ངེ་],
[ཡོང་ ངས་],
[ཨ་ པུ་],
[ཡོད་ དྲེ་],
[ལྟས་ ཡས་],
[དམག་ ཁྲེ་],
[ལྟ་ གྱོ་],
[ནོ ར],
[བྱག་ ག་],
[ཆེ་ གོ་],
[མོ ས་ འུ་],
[ཉིས་ ཀ],
[ཐོབ་ དཔང་],
[བོད་ རྩིས་],
[ཧ་རི ས་],
[བདག་ བོ་],
[རྐང་ ང་],
[ལྟས་ ར་],
[ལོན་ གྱེ་],
[ཡིན་ ན་],
[ངུ་ ཉིས་],
[སྤད་ ཏོན་],
[བླངས་ ཏང་],
[སྤད་ ས],
[བཞག་ བཏང་],
[ལག་ དཔའ་],
[ཆི ས་ བཏང་],
[ཆི ས་ ཡིས་],
[ངུ་ ཆེ་],
[སྤད་ བཏང་],
[ས་ ཡོག་],
[བཅག་ བཏང་],
[སྣ་ རིས་],
[གྲོགས་ ཧོ་],
[ལྷན་ སྐྱེ་],
[བླང་ ངས་],
[ཟོག་ རྫ],
[དྲ་ གྲོགས་],
[བཤད་ བཏང་],
[སྒྲ་ ལང་],
[རྐོ་ གྱེ་],
[བོད་ པ],
[དྲོ་ དང་],
[བཏགས་ བཏང་],
[ཆེ་ བོ་],
[འགྲིག་ འས་],
[སྡུག་ གྱོང་],
[ཐང་ ང་],
[ད་ ལྟ་],
[སྡོད་ ད་],
[ལོ་ ལོན་],
[མཆོད་ དོ་],
[ཇ་ བསུས་],
[ཧ་ རུ་],
[ལས་ བྱ་],
[བྲིས་ བཏང་],
[སྐེ་ ཉག་],
[གནད་ སེམས་],
[རྫ་ སྐེད་],
[སྡེ་ བ་],
[ཧར་ འགོ་],
[རྫ་ སྐེ་],
[བརྒྱབ་ དང་],
[ཁྱུ་ སྒུ་],
[ག་ ཟིག་],
[ངུ ར་ ཚང་],
[ཐ་ ཨོང་],
[ལས་ བཏང],
[མ་ ཡེ་],
[ཡེ ས་ དང་],
[བྱེད་ དང་],
[བྱ་ ཚང་],
[འེ ས་],
[རིང་ ང་],
[དུ་ ནས་],
[ཚོ་ སྟིག་],
[རྐང་ ཤུབ་],
[ནག་ ཁྱ་],
[ད་ཅི ས་],
[ལྟག་ ཁ་],
[ཡོ་ ཚིག་],
[རྩོག་ འ་],
[བོད་ པ་],
[དྲིལ་ བརྡ་],
[ལྟ་ ད་],
[ལྔ་ བོ],
[ཤུན་ འབགས་],
[མི་ ཡེ་],
[ཐུ ས་],
[ཐེན་ ཆིན་],
[རྒས་ མོ་],
[ཆུ་ དྲེ་],
[ཤོག་ འས་],
[དྲེ་ ཇ་],
[ལྟ་ ཡག་],
[ཉེ་ _  པེ],
[སྐྱུར་ ལེབ་མོ་],
[སྒུག་ དང་],
[རྒྱ་ རྒན་],
[མགོ་ དཀྱིས་],
[བརྒྱབ་ བ་],
[མི་ སྒོ་],
[འོད་ སྡེར],
[བརྒྱབ་ བཏང་],
[ཁྱུ་ ཆ],
[གསང་ གྲངས་],
[ཤོ་ ཟིག་ ཡེ་],
[འགྲོ་ རོགས་],
[སྟོང་ ང་],
[ཤེ ར་],
[བཀོག་ འས་],
[བཙའ་ ཡས་],
[གོ ར་ རེ་],
[རེ་ དྲ་],
[བརྫེ ས་],
[ཡིན་ དྲ་],
[བར་ བཏང་],
[ལྟས་ ད་],
[དམག་ པ་],
[ཉ་ ཡེ་],
[ནངས་ སྐ་],
[ཤོག་ གོ །],
[ཁ་ ཤུབ་],
[ག་ ཤིག་],
[འགྲུས་ བ་],
[ཟས་ ཡས་],
[ཤུན་ འབག་],
[ལག་ ཁྱག་],
[ཐེངས་ རེ་],
[གློག་ རྫ་],
[ཞོགས་ ད],
[བཏང་ ང་],
[དགོ་ གྱོ],
[སྡོད་ གོ],
[བྱིན་ དང་],
[སྡོམ་ སོས་],
[རྡུང་ རེས་],
[ཡེད་ དྲེ་],
[འདི་ འེ ས་],
[དུ་ མི་],[དུ་][མི་]
[ཁ་ རྒྱག་],
[ཨུ་ ཁུ],
[ལག་ ག་],
[སྐྱག་ རི་],
[གྲོགས་ གོ་],
[བྱ་ ཚུ ར་],
[མཆུ་ ར་],
[སུག་ ཐུ་],
[འཚོགས་ ག་],
[ཧོ་ ལྷུག་],
[ཡ་ རུ་],
[སྡོད་ དྲ་],
[ཡ་ ར་],
[ལོ་ ལོ],
[རྙེད་ ཆས་],
[སྙི་ ཆས་],
[རྫ་ ཁ་],
[ཆང་ ཐུགས་],
[བཞག་ འ་],
[རྙེད་ དང་],
[ཟེ་ འས་],
[ཧོ་ ཡུས་],
[ཨོ་ ལེ་],
[ཟེ་ ར་],
[བཅོའ་ དང་],
[ལྡང་ ངེ],
[ཡིན་ དྲ],
[འབྲུག་ སྐྱོང་],
[བསྒུག་ འ་],
[ཟེ་ ཡས་],
[ཡོས་ འུ་],
[སྟན་ མོ་],
[ཆུ་ ཁོས་],
[ཧུ་ གུ་],
[ཟེ་ ཡེ་],
[བཅོས་ དང་],
[ཅིག་ འ་],
[ནངས་ དུ ས་],
[འཇོག་ གྱོ་],
[ཡོང་ ང་],
[ཤུས་ འུ་],
[ཟོག་ འ],
[ཧྲ་ ལ་ ཤེས་],
[འཇོག་ འ],
[ཨ་ཡེ ས་],
[ངི་ སེ་],
[བཟུང་ བཏང་],
[ཆར་ ཁ་],
[ཁ་ལོ་ བ་],
[གཞུག་ འ་],
[སྡོད་ ར་],
[འགྱོ་ ཁ་],
[འུ་ཉིས་ འ་],
[ཨ་རོ་ ཆོ་],
[འུ་ འི་],
[ཧར་ ཀ་],
[ཁང་ བ],
[བདག་ གོ་],
[ཨ་ དགའ་],
[དུ་ འུས་],
[དོ་ ཚིགས་],
[ལ་ ཆེས],
[ཡང་ ལི་ ལི་],
[གོ་ ལྡོག་],
[མ ས],
[ལག་ བ་],
[དགོ་ འི་],
[ཁྱུད་ སྒི་],
[ཨུ་ ན་],
[མ་ ར་],
[ལ་ པ་],
[ནང་ བ་],
[ཧ་ འོ །],
[གཅིག་ འ་],
[ཁོག་ བ་],
[ལེ་ ལེ་],
[བཤད་ ལོ ས་],
[ཐང་ འ་],
[ཁ་ རང་བ་],
[མྱི་ སྟོང་],
[ཆི་ འས་],
[ཆི་ _  ཡེད],
[ལྟོས་ -ར་ _ །],
[ཧར་ ནས་],
[ཉིན་ མ་],
[གསུམ་ མ་],
[དོ ར་ མོ],
[དོ ར་ མོ་],
[ཆི་ _  ཡེད་],
[འདུག་ སོ་],
[དབང་ བོ་],
[དྲོ ས་],
[དུ་ མུ་],
[ལྔ་ བཅུ],
[སུམ་ བཅུ་],
[བཞི་ བཅུ་],
[ཨུ་ རེད],
[ཉལ་ འ་],
[དུ་ མོ་ཟིག་],
[མ་ ལོང་],
[ཁྱུད་ ཉིས་ འ་],
[མྱི་ ཁ་],
[དུ་ར་ ཟིག་],
[གྱག ས་],
[ཁྱུད་ ཉིས་ འི་],
[ཁ་ ཨུ་ འགྱོ],[ཁ་][ཨུ་འགྱོ]
[ཁ་ མ་],[ཁ་][མ་]
[དེ་ར་ ཟིག་],
[ཉི་ མ་],
[ཁྱུད་ གི་],
[ཁུར་ སྒི་],
[ཁ་ མི་ ལེན་],
[མྱི་ ཟིག་ འ་],
[ཡུས་ འ],
[ཁ་ མ་ ལེན],
[ཧ་བོ་ མ་ བོ་],
[ཧ་བོ་ མ་མོ་],
[ཁེ་ རུ་],
[ཉིན་ གྱང་ བ་],
[སྡེ་ སེམས་ཅན་],
[དྲོ ས་ ཇ་],
[རྡོ་ སོལ་],
[ཅན་ པོ],
[ཁུག་ དམར་],
[ཅན་ པོ་],
[ཞི་ ལི་],
[དུ་ ག་],
[བོ ར་],
[འུ་ གི་],
[དུ་ ཟོ་],
[རྩ་ འུ་],
[ཕྱག་ མ་],
[དུ་མ ས་],
[ཁྱོད་ ཆོ་],
[སྒོ་ རྒྱོབ],[སྒོ་][རྒྱོབ]
[ཕྲ་ འུ་],
[ཨུ་ རེད་],
[ཨུ་ གོ་],
[ཨུ་ རིག་],
[ཤོག་ སྒམ],
[སེར་ བོ་],
[རྩིས་ ཆས་],
[ཡེད་ ཀི་],
[དུ་ རེད་],
[ཁྱོ ས་ ང འི་],[ཁྱོ][ས་][ང][འི]
[སོང་ རེ་],
[ཨུ་ སོང་],
[ད་ འུ་],
[རྡུ་ ཧོ],
[ཁྱུ་ སྒེ་],
[ཧར་ སྒོ་],
[ཚལ་ དཀར],
[བྲོ་ སྨན],
[རྡུ་ ཧོ་],
[ལམ་ མ་],
[འཕྲུལ་ རྟ],
[བདག་ ཀོ་],
[ཚྭ་ ཁུ་],
[ཕ ར],
[སྙིང་ ཁོལ་],
[ཚུ ར],
[སྙིང་ ཉེ་],
[ཞིས་ མོ],
[ནང་ ཇ་],
[རང འ་],
[ཁུ ས་],
[ཁྱོད་ ཀ་],
[མ་ ཡེད་],
[ཆི་ ཤེས་],
[ཆི་ གོ་],
[ཚེ་ མདོ],
[གོ་ ཟས་],
[ད་ ཚོ་],
[ཟུ ར་],
[ཡེད་ ཏོན་],
[ཁེར་ ཟི་],
[དུམ་ ཁྲོས],
[མྱི་ དུང],
[ངེ་ ཉ་],
[གནམ་ རྒན་ མ],
[ཁྱུར་ ཉིས་],
[འདི་ཡ ས་],
[འཇོག་ འ་],
[དུ་ ཡས་],
[ཁྱེད་ ཆོ་],
[ཁྱེད་ ཆོ],
[གནམ་ རྒན],
[ཉ་ འི་],
[ཉོག་ ཡས],
[ཡེད་ དགོ་],
[ཨུ་ འདེ་],
[རང་ འ་],
[ཚོགས་ ཀ],
[འགྲེ ས་],
[ཅི་ འ་],
[སྩ་ འུ་],
[བདེན་ དཀར་ རོ་],
[སྒྲིག་ བ་],
[ག་ ཚོ་],
[ཅོང་ གྲོག],
[ཡར་ ཐོག་མ],
[ཨ་ ཀྲ],
[སེར་ གྲོག་མ],
[གཡང་ གྲུང་ མ],
[འདང་ ནོག],
[འབྲང་ ཐིག],
[འབྲང་ ཐིག་],
[སྔ་ རོ་],
[བཞ ས་],
[ཁྱུ་ ཚོ་],
[གྲམ་ ཚེས་],
[ཧོ ས་ འུ་],
[གོ་ གྲིག་],
[ནངས་ ཀ་],
[བཀྱུ ས་],
[འུ་ འོ ས་],
[ཁེ་ ཉིན་],
[ཧ་ ཟུ ར་],
[སྨུག་ འའི་],[སྨུག་འ][འི]
[ཉིས་ འས་],
[ཁྱུ་ ཉིས་ འས་],
[ཁྱུ ས་],
[སྡོང་ སུ ས་],
[སྐོང་ ངོ་],
[རྒྱོབ་ བ་],
[གེ་ རུ ས་],
[ཡུ ར་],
[ཁ་ གྱངས་],
[ཚ་ སྐོང་],
[ཐ་ སོ་],
[ངེ་ཉིས་ འ་],
[བཅུག་ ཉིས་],
[ལྔ་ བཅུ་],
[བདག་ འོ],
[སྐྱག་ སྐྱིད་],
[ཕྱག་ འཚོ ས་],
[དཀྱིལ་ གྲོང་ ང་],
[བསེ་ _  འེ་],
[བཅའ་ ལྔ་],
[བདག་ གོ],
[གདུ ས་],
[མཚོ ས་],
[ག་ རེ་],
[རབ་ གྱ་],
[ཅན་ གོ་],
[ངུ་ ཟོ་],
[ཁུ་ རོ་],
[ཧོ ས་ ཀི་],
[འུ་ ཉི་],
[ཨུ་ ཡིན་],
[འབྲི་ མོ],
[ཕྱིར་ ཆད],
[ལོ ས],
[དུ་ རང་],
[སྐད་ འཕྲིན],
[ཁུ་ ཆོ་],
[ཆི་ ཡིན་],
[དུ་ ཡིན་],
[ཨུ་ ཐུབ་],
[གནམ་ ཉིན],
[གནམ་ ཉིན་],
[འདེ་ འ་],
[གཞན་ ནིང་],
[ཁྱུ་ ཉིས་],
[ཐོག་ བ་],
[ཁུ་ རང་],
[ད་ སང་],
[དུ་ འཕྲོ་],
[ཉིན་ མ],
[སྐོར་ ར་],
[ཧར་ འཁའི་],
[འགོ་ ཐུར་],
[དུ་ ཡང་],
[འགོ་ ཐུར],
[ཆི་ འེ་],
[ཁྱུ་ ཉ་],
[ཧོང་ གི་],
[དུ་ མེད་],
[བཞི་ བོ],
[ག་ ནས་],
[ག་ ན་],
[ཨུ་ ཡོད་],
[དུ་ ནང་],
[མཐའ་ ཁ],
[རོ་ དཔའ་],
[ཙིག་ འེ་],
[ལག་ ཧ་],
[ཆི་ འ་],
[ཨུ་ མྱོང་],
[མི་ བ་],
[ཅ་ ཁ་],
[ཨ་ བུ་],
[ཡོད་ རེས་],
[ཨུ་ ཉན་],
[ག་ཤ ས],
[བ་ ཙིག་],
[ཆི་ ཙིག་],
[ཐད་ གི་],
[ཤོག་ བ་],
[དུ་ ཆོ་],
[དབྱེན་ རྐྱལ་ མ],
[ཧ་ འགྱོ་],
[སུ ར་ འགྱོ་],
[རོག་ ཧ་],
[ཨུ་ ཆོག་],
[ཨུ་ འགྱོ་],
[ཨུ་ བཟོ་],
[འོ་ འོ],
[ཆི་ ཟེ་],
[ཟོག་ ཤ་],
[ཞིས་ མོ་],
[རུ ས],
[མི་ ཉག་],
[བྲི་ སྤྱད་],
[ག་ དྲེས་],
[དགོད་ སྤྱད་],
[དེ་ ལོ་],
[ཨུ་ དགོ་],
[གོན་ ཡས་],
[ཁེར་ མོ་],
[ཤི་ རེ་ ཁོ],
[ལྟག་ ཀ],
[སྡུ ས་],
[སྤོ ར་],
[ཅན་ ཀོ་],
[འིན་ ཨུན་],
[ནང་ ཚ་],
[ཨུ ས་],
[མེ ར་],
[དྲུ ས་],
[བཀལ་ སྐུད],
[འིན་ ཨིན་],
[ལོ ས་],
[ཡོད་ སྤྱད་],
[ཏོང་ དྲུ ས་],
[དུ་ འི],
[ཆུ་ ཟིག་],
[གོ ར་],
[ལྟག་ ཀ་],
[རྒྱུ་ པ་],
[ཁ ས་],
[བཅི ར་],
[ཧན་ ཁུ་],
[འོ་ ཡེ],
[ཁེ ས་],
[འཇུ་ སྤྱད་],
[རྩ་ གཅད་],
[ཧུད་ རྒྱུ་],
[ལོ་ བརྒྱ་],
[ཧ་ རྒན་],
[སྟོང་ འཚག་],
[དུ་ ཡེད་],
[མྱི་ ཧ་],
[ཁ་ རླན་],
[མི་ ཧྲ་],
[ཨུ་ ཤུ་],
[ཆེ་ ཀི་],
[རང་ འ],
[དང་ མ་],
[གནོད་ སྐྱ་],
[བཤ ས་],
[ཨུ་ འཛོས་],
[མི་ འཛོས་],
[རྩ་ མོ་],
[མར་ ར་],
[ནངས་ རིས་],
[ཡིས་ རྒྱུ་],
[ཀ་ རོ ས་],
[འདི་ ཤེ་],
[ངུ་ ཟོས་],
[ཡོད་ རྒྱོ་],
[ཧྲ་ རྒྱོ་],
[བྱིན་ དྲ་],
[བཞིག་ འ་],
[ཡོད་ ནོ་],
[ཡོས་ ན་],
[སྩག་ དཔའ་],
[ལག་ དཔ འི་],
[ཁྱུ་ཆོ ས་],
[མྱེ་ ཆ་],
[ཙི་ འེ་],
[དུ་ ཡིས་],
[དམར་ རོ་],
[འདོགས་ འ་],
[ག་ ཆོ་],
[ཐག་ རིང་],
[ཕ་ བཟང་],
[ལས་ ཀ],
[ཁྱ་ ཁྱ],
[ཕ་ སྐད་],
[གང་ ཆོ],
[གནའ་ ཤི],
[ཁོ་ སང་],
[ཨོང་ ཤ་],
[གནའ་ ཤི་],
[ཆི་ དགོ་],
[ཚ་ འདེ],
[ཁ་ ཤོང་],
[སྐྱག་ མོ་],
[ཁར་ ཁེར་],
[ད ས་],
[སློང་ སྦྱོང་],
[འགྱོ་ དགོ་],
[རྩ་ ཡ],
[ཁར་ ཁར],
[དང་ མ],
[འཕྲུལ་ རྟ་],
[ལྭ་ བསྐྱུ་],
[བསྐྱུ་ སྐྱེན་],
[མདུག་ ཅོག],
[ཆུ་ ཤོག],
[མོ་ ཐོ་],
[ཆིའུ་ འཕྲས་],
[ཆོ་ ཡ་],
[དུ་ འི་],
[ཨོང་ ལྕགས་],
[པ ས],
[གློག་ རྫ],
[ངི་ ཆ],
[ཁར་ ཁར་],
[མར་ ལྡང],
[སྦྲ་ སྤྲུག],
[ཟིག་ ཡ་],
[མགོ་ ཁྲིད་],
[མོ ས་],[མོ][ས་]
[སོ་ དྲུག],
[སོ་ གཉིས་],
[སོ་ བཞི],
[ཆ་ ཡིས་],
[ངེ་ ཆ],
[མཇལ་བ ར་],[མཇལ་བ][ར་]
[མག་ ཀ་],
[ཨ་ རྫི ས],
[ངེ་ ཉ],
[ཁྱུང་ ཆུ་],
[ང་],
[ཁྱོ་ ཆ་],
[ཁུར་ ར་],
[ཀན་ ཆས],
[ཕི ས],
[ཕལ་ཆེ ར་],
[དམར་ བོ],
[བལྟ་ ར],
[སྐྱག་ ཧ་],
[འགྲོགས་ འ་],
[ཁྱེད་ ག་],
[འགྱོ་ རེ་],
[བརྒྱབ་ བེ་],
[རྡོ་ གི་],
[ཚོ་ སྟུག་],
[གྲོ་ ཞིང་],
[ལེགས་པ ར་],
[སྨོན་པ ར་],
[ངེས་པ ར་],
[ཁྱིམ་ གཞི་],
[བརྟེན་པ ར་],
[མགོ་ བརྩམས་],
[ཅོང་ ཀ་],
[ཉིན་པ ར་],[ཉིན་པ][ར་]
[ང་ ཚོ],
[སྟོབས་ རྒྱལ],
[སྟོབས་ རྒྱལ་],
[རྒྱུན་པ ར་],
[ཐུ ས],
[ཚང་མ ས་],[ཚང་མ][ས་]
[དུང་ ཆུ],
[ཁྱོ ར་],
[ནོ ར་ ཟོ་],
[རྫི་ རེ་],
[མུ་ འེ་],
[ཉིས་ འི],
[ཨུ་ ཡོད],
[ཀི ས],[ཀི ས]
[དུ་ མོ་ར་],[དུ་མོ་][ར]
[ངི་ ཟོ་],
[འུ་ ཚང་],
[ཉི་ ཤུ],
[རྩ་ གསུམ་ འ་],[རྩ་ གསུམ་][འ་]
[ཉིས་ ར་],
[ཤི་ རིས་ ཡས་],
[གོ་ འི་],
[དུ་ ཉིས་],
[མི་ སྒི་],
[ད་ཆ ས་],
[ད་ འང་],
[མོ་ སྒེ ར་],
[ཨུ་ ཧུན],
[སེན་ བཏོག་],
[ཨུ་ ཧུན་],
[སེན་ བཏོག],
[ང་སྒེ ར་],
[བླངས་ ར་],
[རྒྱུག་ འ་],
[ཐམ་ པ་],[བཅུ་ཐམ་པ།]
[ཉ ས་],
[མ ས་],[ཨ་མ་][ར་]
[ཨ་མ་ ར་],
[དུ་ ཆས་],[དུ་ ཆ][ས་]
[སོང་ འ་],
[འདི་ ཆོ་],
[གསོག་ འ་],
[ཐག་ ཉེ་],
[མི་ འི་],
[སྡིག་ རྩྭ་],
[ཡུས་ འ་],
[ཨ་ཧ་ བོ་],
[རྣ་ བང་],
[ཧུར་ འས་],
[ཅི འང་],
[ཁྱུར་ སྒི་],
[ཇ་ ནེ་],
[ཨ་ རྫ ས],
[ར ས],
[ཇེ་ སྡུག་],
[ར ས་ གུས་],
[ངི་ ཆས་],[ངི་ ཆ][ས་]
[ཆི་ ར་ ཟིག་],
[དུ་ ཉིས་ འ་],
[སྟོད་ ལྭ་],
[ཁུར་ རེ་],
[ཨོ་ ཧོ །],
[བར་ ར་],
[དེ],
[དུ་ མོ་ དུ་],
[བཀའ་དྲིན་ ཆེ་],
[ཁྱིད་ ལ་],
[དུ་ མོ ར་],
[དུ་ མོ་ ཟིག་],
[སྐྱུར་ ར་],
[འདི་མོ་ ཟིག་],
[ཕོ་ རུ],
[ཕོ་ རུ་],
[ཞག་ གང་],
[ཨུ་ ཤེས],
[ཉིན་ ཁ་],
[ཨ་ལ ས་],
[ཁྱོ ས་ སྒི་],
[ཨ་རོ་ ཆ་],
[ཡིན་ གོ],[ཡིན་][གོ]
[དགོ་ འི],[དགོ་][འི]
[འགྱོ་ འི་],[འགྱོ་][འི་]
[དུ་ འས],
[ཁ་རོག་ འ་],
[ཇེ་ མགྱོགས་],
[ཁྱུར་ ཆོ་],
[ཨ་ལ ས],
[ཁྱུར་ ཉིས་ འ་],
[བླངས་ འ་],
[མིར་སྒེ་ ར་],
[རྫོང་ འ་],
[ཡེད་ ད་],
[ཉིས་ འས],[ཉིས་ འ][ས]
[འུན་ ཨུན],
[མིན་ ཚུལ],
[འུ་ འི་ འ་],
[ཤ་ཟ ས],
[ཁུར་ ར],
[ཟིག་ ར་],
[གུ་ ལུས་ ཟིག་],
[ཐམས་ པ],
[ཨུ་ ཤེས་],
[ཤོར་ ར་],
[འགྱི་ འི་],
[ཨ་ བྱ་ འདི],
[ད འང་],
[ཧན་ ནས་],
[ད་ཆ ས་ འ],
[ད་ཆ ས་ འ་],
[མིྱིང་ ང་],
[རྐང་ ཤུབས་],
[ཨོ་ ཧོ],
[ལངས་ ང་],
[འཐུང་ ང་],
[འུན་ ཨུན་],
[རྐང་ བ་],
[དཀར་ བོ་],
[ཅི་ མོ་],
[དུ་ གི་],
[དུ་ གུ་],
[བ་ རེད་],[ལུང་བ་][རེད]
[མགོ་ འ་],
[དུ་ རི་],
[སྒུག་ འུ་],
[འདང་ ང་],
[ལྒང་ ལོ་],
[སྤོ་ ལོ་],
[མར་ རུ་],
[ཐོག་ འ་],
[དུ་ གི],
[དོ ས་],
[ཐོག་ ཧ་],
[ལུ་ འུ་],
[འཛུ ས་],
[ལྦུ་ སུ་ ཁུ་ ནག་],
[ཧར་ རི་],
[རྔ ས་],
[ལྟག་ ཧ་],
[ངུ་ ཉི་འ་],
[བདག་ ཧོ་],
[དུ་ རིས་],
[འུ་ གཉིས་],
[དགའ་ འུ་],
[སྒེ ར་],
[ངུ་ སྒེ་],
[མདའ་ དགོང་],
[ཨུ་ དྲ་],
[དིས་ མོ་],
[ལྷག་ མོ],
[འདྲ་པ ར],
[ཉལ་ ཡེ་],
[འཐུང་ _  ར་],
[ཧུག་ འུ ས་],
[འགྱོ་ _  ར་],
[གློག་ བསོག་],
[གཡར་ རེ],
[དཀར་ དུང་],
[ད་ སྐབས་],
[ང་ ར་],
[མགོ་ ལེན་],
[དང་ ང་],
[འཚལ་ གི་],
[བརྒྱ་ རེ་],
[འཚལ་ འུ་],
[ཁེར་ ར་],
[མགོ་ ཡེ ས་],
[འུ ས་],
[བཞག་ དང་],
[དྲོ་ ཡེ་],
[སྡོད་ ད],
[བསྒར་ གདན་],
[ཕ ར་ མགོ་],
[བསྲེག་ བཞག་],
[སེར་ དྲིལ་],
[རྩེབ་ ས་],
[འཐེན་ དང་],
[ཧར་ མགོ་],
[སྣེ་ ཁུག་],
[ཚུ ར་ ར་],
[ཨ་ མི་ དྷེ་ ཝ],
[བཏོན་ ཐ་],
[ཕྱི་ འུ་],
[ཨུ་ འོ་],
[གྱང་ རྩ་],
[གྱང་ ང་],
[ཁེན་ ནས་],
[ཁྱེད་ གེ་],
[ཧར་ འགོ],
[ཐུར་ རུ་],
[ཧྲ་ འ་],
[འཇོག་ རོགས་ འ],
[ཚང་ ང་],
[མྱིང་ སྲིང་],
[སྟེར་ དྲ],
[ངོ་ ར་ ཚ་],
[ཏེང་ ཡོན་],
[བཀོག་ འ་],
[དི་ མི་],
[བཀག་ དང་],
[བཀོག་ དང་],
[བད་ གི་],
[ཡར་ རུ་],
[ལས་ སྐྱིད་],
[ཉེ་ _  ཡེ་],
[ཧར་ རུ་],
[ཡོད་ ཁ],
[ཨུ་ འདྲ་],
[རྐང་ ཚ],
[དུ་དུ ས་],
[རུ་ གཉུལ་],
[གསལ་ བོ],
[རྟགས་ དཔྱད],
[ཁྱེར་ ར ས་],
[བདེ་ སྲུང་],
[རྒྱུད་ རིམ་],
[ཐང་ དང་ བོ],
[ཡེད་ དགོ],
[རྟགས་ དཔྱད་],
[སྟོན་ སྟངས],
[གསལ་ བཤད],
[འོ་ ལྡུར],
[ད་ བོང་],
[ཁེར་ ཉིན་],
[ངི་ ཉ],
[ཨ་ཧ་ མ],
[ལས་ ཁ་ ཡེད་],
[ཁེར་ ཉིན་པ ར],
[ཁྱེད་ ར ས་],
[སྐུ་ ཧྲང་],
[ཆི་ ཡེད],
[ཀན་ ཆོ],
[བདག་ ཡེད་],
[དགའ་ སྟགས་],
[ཁེར་ ཟ་],
[ཆི་ གོ],
[གློག་ ཤིབས་],
[གློག་ རྡོ་],
[སུམ་ བཅུ],
[ཁྱིམ་ མ],
[བྱང་ སྒྲུབ],
[ལུད་ བ་],
[བཞག་ བ་],
[དུ་ རིང་],
[དུད་ ཁྲོད་],
[དུ་ ཆི་],དུ་ [ཆི་ རེད]
[ཅི་ བ་],
[ཅི་ ཟེ་],
[ངི་ སྒེ་],
[ཁ་ འཁྱལ་],
[དེ་ འཕྲོ་],
[གྱོ་ ཁྱ་],
[གྱོ་ གྱོ་],
[ཐ་ སང་],
[གྱང་ ངོ་],
[མཐའ་ ཁ་],
[ཀོ་ ཁ་],
[ཀོ་ ངོ་],
[བཞག་ བ],
[ཁྲི ས་],
[འུན་ ན་],
[གཅིག་ ར་],
[དངུལ་ བྱང་],
[སྒེ་ གི་],
[ཨུ་ འདྲི་],
[གཅིག་ བ་],
[ཚེ་ བ་],
[ག་ རེད],
[རྩ་ དྲུག་],
[རྩ་ དགུ],
[སོ་ གཅིག],
[ཨིན་ ཨིན་],
[ཕྲེང་ སྐོར་],
[འདེ་ ར་],
[བ་ གི་],
[གྱངས་ ཀ་],
[ཤུ་ ར ས་],
[གོ་ར ས་],
[ཅི་ འས་],
[མངག་ བ་],
[བཀལ་ ཐུག་],
[བཀལ་ ཐུག],
[རྣ་ གེ་],
[ཁྱོ་ ཉི་],
[ཁུར་ ཙི་],
[དེ་ ཆོ་],
[ཨ་ མཚ ར་],
[ཚོད་ ལྟ་],
[ཁང་ སྒོ་],
[ད་ རུ་],
[གདམས་ གསེས་],
[དུ་ ཚང་],
[ཕྱུག་ མོ་],
[ཤུག་ མོ],
[སྐྱེད་ པོ་],
[ཡག་ དཔའ་],
[ཆི་ མོ་],
[ཁྱུ་ ཉི་],
[བཟང་ བོ],
[ཨི་ ཨི་],
[འདྲ་ བོ],
[སྤོ་ ཁོ་],
[ཕི ས་],
[ང་ ཉ་],
[ཧྲ་ པོ་],
[ཕུ་ འུ་],
[ཕ་ ཕ་],
[ཟི་ འ་],
[རྡོ་ ཟི་],
[མ་ ཎེ་],
[སྐྱང་ ཀ་],
[པ་ པ་],
[སྔོན་ ན་],
[ཆ་ ཆིག་],
[གཤིས་ འི་],
[མ་ ཡུས་ ཆོ་],
[ད་ བུང་],
[ཧྲ་ ན་],
[གྱོ་ མ་],
[དུ ར་],
[ཤུ་ འབག་],
[ཅི ས],
[གུ་ རེ],
[ཡག་ ག],
[ལྒང་ ལུ་],
[དང་ ངོ་],
[ནངས་ ཆུ་],
[ངི་ ཉ་],
[ཚ་ འདེ་],
[ལུག་ འ་],
[གང་ ཚ་],
[ཁྱེར་ ར],
[ཡི་ འི་],
[འདི་ སྒི་],
[བཅུག་ སུམ་],
[བཅོ་ བཞི་],
[ཐོ་ གཏུག],
[བོ ས་],
[ཐོངས་ དང་],
[དི་ མོ་],
[འདི་ ཚོ་],
[མེ་ འུ་],
[སྟོང་ གཉིས],
[ཁྱོ་ སྒེ ར་],
[འབྲི་ ཚོ་],
[ངི་ གཉིས་],
[གོ་ ནེ་],
[ཞུགས་ འེ་],
[བསྣོག་ མེད་],
[ཐོན་ བཏང་],
[གྱག ས་ གི་],
[བཞུག་ འས་],
[དགོས་ འི་],
[འདྲི་ ར་],
[ཟེར་ དང་],
[བཏང་ ངས],
[བསྐུར་ རེ་],
[བསྣོག་ འེ་],
[ཧེང་ བཏང་ ངེ་],
[བཏང་ འེ་],
[ལྟ་ ད],
[བསྐུར་ ས],
[དི་ འེ ས་],
[མི་ བ་ འུ་],
[ཁྱི་ སྒེ་],
[ཁྱི་ སྒེ ར་],
[བདེ་ སྨོན་],
[ཉན་ ས],
[ཧང་ བཏང་ ང་],
[སློབ་ གླེང་],
[གསེར་ རྟ་],
[བླ་ རུང་],
[ཚོགས་ འས་],
[ཞིང་ སྒྲུབ་],
[ཞིང་ སྒྲུབ],
[ཚོགས་ འེ་],
[ཉུ་ འ་],
[དགེ་ སྐུལ་],
[ཡེད་ གོ་],
[དགེ་ སྐུལ],
[སྐོལ་ སྐྱེད་],
[གསལ་ བཤད་],
[བྱེད་ གོ་],
[ཡོད་ མཁན་],
[པ ར་ ཆུང་],
[བརྫས་ _  ནས་],
[གྱང་ འགོ་],
[བྱང་ ངེ་],
[སྒོ་ འཁྱག་],
[དི་ ནས་],
[དགོས་ འུ],
[བསྐུར་ ས་],
[སྐུར་ ས་],
[བརྙན་ ཐུང་],
[དཔེ་ ཁུག],
[སྒོ་ འ་],
[ཅང་ བ],
[ཤེས་ འུ་],
[ཡོ ར་],
[ཁྲིམ་ མ་],
[ཡིན་ རྒྱོ་],
[ཁུར་ ཟི་],
[ཞོག་ གོ་],
[ཨོང་ ལྕག་ ཟི་],
[ཡེད་ རྒྱོ་],
[འཐུང་ ར་],
[ཧུ་ གི་],
[འགྱོ་ ཀི་],
[འ་ ལ་],
[ཤ་ གཅིག་],
[དུ་ ཆི་ཟིག་ འ་],
[ལྟག་ ཁ],
[ཤོར་ རེས],
[རྐྱང་ སེ],
[དུ་ ཡར་ ར་],
[ཡེད་ བཞག་ གི་],
[ཧན་ ཆད་],
[ཆི་ བ ས་],
[ཅང་ བ་],
[སྣེ་ ཁེལ་],
[ད་ཆ་ འོ],
[ཆ་ཚིག་ འ་],
[འུ་ གཞི་ ན་],
[ཆུ་ འ་],
[ཡེད་ ལ་],
[མི་གཞི་ ན་],
[ལོན་ རྒྱུ],
[སྲོད་ དྲ་],
[ཆི་མོ་ ཟིག་],
[མ་ རག་],
[གང་ རུ],
[འ་ ནི་],
[ཡར་ ཀ་],
[ན་ ཞེ་ ནོག་ ཞེ་],
[ཞོ་ དགུ་],
[ཞོ་ བརྒྱད],
[ཧོང་ བ་],
[ཐང་ བ་],
[དགོ་ འུ་],
[རྒྱ་ ལྭ་],
[ཐུག་ པོ་],
[ཆས་ ན་],
[ཇེ་ ཡག་],
[དགོ་ མོ་],
[ཕྱིར་ ར],
[ཐལ་ ཚོ་],
[ཁུག་ འ་],
[ལམ་ མ་ ལངས་],
[འགྱོ་འི་],
[སྐྱག་ འ་],
[ཤ་ ཉན་],
[ཐ ས་],
[ཡི་ འུ་ ན་],
[ཧན་ ན་],
[ཆི འི་],
[ནང་ ལི],
[ཨུ་ ཡིན],
[ཁུ་ སྒི་],
[རྡོ་ སོལ],
[ཡིས་ གཞི་ ན་],
[དྲང་ མོ],
[མལ་ ཟིག་ ཧྲོ ས],
[ཐུབ་ བ ས],
[ཤར་ སེ],
[ལོག་ བ་],
[ཆ་བོ་ ཚོ་],
[འ་ གི་],
[མར་ མ་],
[མི་ འུ་],
[ཧུར་ གི་],
[བསྡུ ར་],
[ཨུ་ མེད],
[ཡ་ འུ་],
[ཡུ་ འི་],
[ཡོད་ ཀ],
[མོ་ འུ་],
[ཧར་ ཁ་],
[རྐྱང་ རོག་],
[ཆི་ཟིག་ ཡེད་],
[ཉེན་ རྟོག་],
[ཁུ་ མ་ ཟིག],
[ཇ་ བསོལ་],
[མྱིང་ བ་],
[འོད་ ནོ],
[ལྷག་ མོ་],
[ཐང་ བ],
[ཧར་ དུ་],
[ནུབ་ འཚལ་],
[ད་ བ],
[འདུག་],
[ནམ་ འབེལ་],
[ནང་ བ],
[ཁུ་ ཆུང་],
[ཁག་ འ་],
[ཁག་ འ],
[ལེ ས],
[ལྟོས་ ར་],
[འདི་ མ ས་],
[ལྟོས ར་],
[ཐབས་ ཁུང་],
[ཕྱོགས་ ར་],
[གུ་ ལུས་],
[ཡུ་ འུ་],
[དག་ དག་],
[སྟོད་ དང་],
[ལེན་ ས་],
[ཡོད་ ནི་],
[ཟོས་ ར་],
[ཧུར་ འུ་],
[དུ་ མོ],
[འཚོ ར],
[ཆི་ མོང་],
[ཡིན་ ནི་],
[ཡུ ར་ ཟིག་],
[ངི་ཉིས་ འི་],
[གྱོག ས་],
[རི་ སྐོར་ གླིང་],
[ཁེ་ མ་],
[སྒེ ར་ ར་],
[ཡིན་ ན],
[འི་ འུ་],
[ཚོང་ བ],
[ཙི ས་ འེ་ ཟིག་],
[གཏེར་ ཆུ་],
[དུ་ར ས་],
[ཆི་ མོང་ ཟིག་],
[ལས་ འི་],
[དུ་ འེ་],
[ཡོད་ ནོ],
[ཡང་ ལ་],
[གོང་ ང་],
[དཔོ ར་ ཏང་ ང་],
[བུད་ ལེ་],
[ཧུ་ འི་],
[ཞོས་ འི་],
[སྤོ ར་ ཏང་],
[ངི་ ཚོ འི་],[ངི་ ཚོ][འི་]
[ཡིན་ དྲ འི་],
[རྩེད་ རྒྱོ་],
[མུ ར་ གེ་],
[ཆི་ གྱག་],
[གྱ་ བཅུ་],
[རྩ་ གཅིག་],
[བ ཅུ་],
[སྐུ་ དཔར],
[ཐག་ རང་],
[སྐུ་ དཔར་],
[ཕྱི་ སྐྱེན་ གོ],
[འདྲེ་ རྒན་ མ],
[ཁྱི་ སྐྱག་ མ],
[འགྱོ་ ཡས་],
[ཆུ་ གཤོག],
[ངེད་ ཉིས་],
[གསར་ བ],
[ཨ་རོ་ ཉ་],
[གཤོག་ སྒམ],
[སྐྱག་ དགོ་],
[སང་ གི་],
[ཁྱེ་ ཉིས་],
[ཧར་ སོང་],
[ལེ་ མྱོང་],
[སུན་ གི་],
[སུན་ གི],
[རོགས་ ཡེད་],
[ཁེར་ རེ་],
[མེ་ ནེ་],
[ཡོད་ ཀྱོ་],
[འདོད་ ལེ་],
[ཁེ་ རོ་],
[འཕྲིན་ ཐུང་],
[དུ་ ཤེས་],
[ཟེ་ བོ་],
[ཐུག་ འདུག་],
[འུ་ ར་],
[རིག་ འས་],
[ས་ རིག་],
[ལངས་ རེས་],
[བརྒྱབ་ བ],
[འཇོག་ ས་],
[འདུག་ འ་],
[ཁ་ བླ],
[མྱི་ ལོ་],
[ལོན་ ད་],
[ཨང་ གྲང་],
[ཆིག་ ཡེད་],
[ཁ་ སླ་ འུ],
[ག་ ཡེ ས་],
[ཐད་ གར],
[དགོ་ ཟེ་],
[བཤད་ ཏང་],
[ལངས་ ངས་],
[འདོན་ ད],
[གཉིག་ འ་],
[ལས་ དུ ས་],
[ལངས་ ངེ་],
[འདུག་ འ],
[འབོ ར་],
[ཧེབ་ བ],
[ཟེ་ རེས་],
[ང་ བརྒྱད་],
[འཁྱེར་ ས་],
[ཟེ་ འ་],
[མྱིད་ དང་],
[འབུམ་ ཕྲུག་],
[རིག་ དང་],
[འཇའ་ འུ་],
[དུ་ བྱི་],
[བཀའ་ དང་],
[ཧོ་ མོ་],
[འཚོགས་ ཆེན་],
[ཡིད་ མཐུན་],
[གཟའ་ ཧོན་],
[མྱི་ བདག་],
[མཛུག་ ཐིས་],
[ལང་ དང་ ངེ་],
[དྲོག་ ཁོ་],
[བཅུ་ ཐམ་པ་],
[བླངས་ དང་ ངེ་],
[ལ་ ཡོག་],
[མིན་ ནེ་],
[མདོག་ འ་],
[སེ་ ཉིན་],
[ལྕག་ ལེབ་],
[ཉ་ ནག་],
[རང་ ཤ་],
[བཅད་ དེ],
[ཁྱི་ ཁ་],
[ཧ་ ཡོས་],
[གཅག་ ར་],
[དྲང་ མོ་],
[ཁུ་ སྒེ་],
[སྐྱེས་ ཡེ་],
[དུ་ ཆེ་],
[ཁུར་ ཚང་],
[དོད་ ཐ་],
[བརྫས་ ར་],
[བསང་ ང་],
[འདྲེན་ དང་],
[ངི་ ཟོ],
[འདྲི་ ས་],
[ཤེས་ ས་],
[དྲིན་ ཆེན་],
[རླབས་ བརྒྱབ་],
[ཨོང་ ཤ],
[བཀྱ་ བ་],
[དམར་ ཟོ ར་],
[ཆི་ འེ ས་],
[ཟེ་ ཨ],
[བསྡུས་ དང་],
[བཞག་ འེ་],
[ལྕག་ རིལ་],
[དུ་ ཡེ ས་],
[འདར་ རེ་],
[བརྟག་ འེ ས་],
[སྟོན་པ་ ཚོ་],
[བརྒྱབ་ ཡེ་],
[དར་ ཚུལ],
[ཆིག་ ཡེ་],
[དགོ་ འགྲ་],
[བསྒྲགས་ སྐད་],
[ངི་ ཆེ་],
[གྲྭ་ བ་],
[ཁ་ སླ་],
[ནང་ སྔ་],
[དུ་ འཕྲོས],
[ཧེབ་ གི་],
[བཤད་ ལེ་],
[བཤད་ དང་],
[རྣམ་ གསུམ་],
[ལུང་ རེ་],
[རྡོ་རྗེ་ འཆིང་],
[ལོ་ ས་],
[མཁན་པོ་ ཚང་],[མཁན་པོ་] [ཚང་]
[ཞབས་ བརྟེན་],
[ཉིན་ དྲེ་],
[མྱིང་ ངས་],
[ཁ་རོག་ འ་],[ཁ་རོག་][འ]
[ཨུ་ འུ་],
[ངེད་ ཀེ་],
[ཆི་ བ་],
[ཧ་ གི་],
[ཉ ར་],
[ཁུར་ ས་],
[ཁྱུ་ རང་],
[ཁུ་ ཅོང་],
[གཤ ར་],
[དགོས་ བ],
[རྩ་ གཉིས་],
[རྩ་ གསུམ་],
[རྩ་ བཞི་],
[རྩ་ ལྔ་],
[རྩ་ བདུན་],
[རྩ་ བརྒྱད་],
[རྩ་ དགུ་],
[ཨ་ འགེ་],
[རྩ་ གཉིས],
[ཨུ་ ཡག་],
[ཐ་ན ས་],
[མགྱོགས་ ཐུག་],
[མགྱོགས་ ཐུག],
[ཨུ་ མེད་],
[ཨུ་ ཡོད་ ཁུ་],
[ཡོང་ ག་],
[དམ་ བེ་],
[སྒོ་ ང],
[ག་ རང་],
[བདག་ ཡོན],
[ཕག་ ཕྲུག་ མ],
[ན་ ཞི་ ནོག་ ཞ་],
[ད་ སོ་མ་],
[སྙིགས་ ཟོམ་],
[རྫོང་ ང་],
[གཉིས་ འ་],
[སྐད་ སྦུག་],
[ལྗོང་ དབང་],
[སུམ་ བཅུ་ པ],
[རྫ ས་ ཡས],
[ལྗོན་ དབང་],
[ཉི་ འི་],
[དེ་དེ་ ཉིད་],
[ཧྲ་ འོ་],
[ཇི་ བ་],
[ཆས་ ཁུ་ ཡེད་],
[ཇི་ ཡང་],
[རྒྱལ་ བོ་],
[ག་ཤ ས་],
[གྱོག་ མོ་],
[ཙིག་ འེ],
[ཧ་ ཀི ས་],
[དོ་ ན་],
[ཁབ་ ཟི་],
[ཚོང་ ཟི་],
[ད་ འི་],
[ཧྲ་ གི་],
[མཚ ར་ བོ་],
[མྱི་ ཆ་],
[ཟི་ ལིང],
[སྒོང་ ང་],
[བྱ་ ཧོ་],
[དཀར་ དྲིས་],
[འདི་ ཆ],
[གདོན་ མཆུ་མ],
[དགོས་ ཁ་ ཟི་],
[ཨ་ར་པ་ ཙ],
[ཧམ་ ཉ་],
[དམ་ ཆད],
[མུ ར་ སྒེ་],
[རེད་ ད་],
[ཡོད་ དྲ འི་],
[ངུ་ ཆོ་],
[ཧུ་ འེ་],
[ཙི ས་ འེ་],
[རག་ གོ་],
[ཁ་ ཡེ་],
[རྫ་ འི་],
[གཡག་ སྐྱ་],
[ཇ་ དབང་],
[སང་ ང་],
[ཟ་ དབང་],
[ཁོ་ བ་],
[ཁུར་ རོ་],
[ཟོ་ ཏོང་],
[བྱིན་ དྲ],
[སྔོ་ རིས་],
[འདེ་ བོ་],
[ཅན་ གོ],
[ཟེར་ ནོ་],
[ཡོད་ ར འི་],
[ཧྲ་ འི་],
[དེ་ འི ས་],
[འགྲིག་ འེ་],
[ཡིས་ ཏང་],
[ཁྱེར་ རི་],
[ག་ ཆ་],
[སྒལ་ ཚིག་],
[རྫ་ ཚིག་],
[དམར་ རོལ་],
[ནང་ འ་],
[ཛི་ གཞི་ ཟིག་],
[ཛི་ གཞེ་ ཟེ་],
[རང་ སྒེ་],
[སུ་ རྒོད],
[སུན་ པན],
[ཧོ ར་],
[མི་ འུ],
[འདག་ ཕྱེ་],
[ཧུ་འུ་ ཆོ],
[ཁྱོད་ཚོ་ ར་],
[དཀར་ རོལ],
[ཨ ་ རྒྱ་],
[ཅུང་ ཙམ་],
[ཧོ་ ཁུག་],
[འདི་ ཡེད],
[དམར་ ཕྱ་],
[སྟེབས་ བུ་],
[ཁྱུར་ ཆ],
[དམར་ རོ],
[ཨ་ཁ ས་],
[ཧ་བོ],
[ཅི་ འ],
[བྱས་ -ར],
[ལག་ ཕྱི་],
[ཅི་ ཡེད་],
[དུས་],
[ནག་ ལེབ],
[སྐུ་ ར],
[བཀའ་དྲིན་ ཞུ],
[མྱིང་ བོ་],
[མིང་ བོ་],
[ལྔ་ གསུམ],
[འཕྲུལ་ འཕྲན་],
[འདི་ མོ],
[ཁྱུར་ ཆོས་],
[ཨོང་ སྐྱག],
[མ་ ཡས་],
[སྟིང་ འ་],
[བཏང་ འ་],
[ཕོ ར],
[ང་སྒེ ར],
[ཨ་ རོ་],
[སྐྱོར་ ར་],
[འབྲུག་ མོ་],
[ཞོག་ འ],
[ཞོག་ འ་],
[བཀྲུ་ ཕྱི་ གྱིས་],
[ཅུང་ ཟེ་],
[གཉིས་ ག་],
[རྒྱག་ སེལ],
[ངི་ མ ས་],
[མོ་ ན་],
[དགོས་ ར ས་],
[ཁུ་རུ་ མ],
[མལ་ ར་],
[འཁྱགས་ སྒམ་],
[ཅུང་ ཙམ],
[དུ་ ཆ་ག་ མཁེ་],
[ཆ ས་],
[སེན་ དྲ་],
[སེན་ གྲི་],
[མི་ ཆ ས་],
[ཀླད་ ཀ་],
[མཁྲིས་ བ་],
[བརླ་ སྒང་],
[ཕྱོགས་ འ་],
[ཚ་ སྨན་],
[བོ ར],
[མདང་སོང་ བ་],
[འབྱར་ ར ས་],
[བཀྱུ ས],
[ཧ་ རྫ་],
[དི་ _  འས་],
[ཙིག་ ཚ་],
[ཆུང་ ཙམ་],
[རྐང་ བ],
[ཁོག་ འ་],
[ཁི་ ཆས་ ཆོ་],
[ཞི་ མོ་],
[བསྒྱིག་ ར],
[གྲུབ་ བཞི་ མ་],
[ཤང་ ལེབ་],
[ཡུས་ ཁོས་],
[ཧྲོ ས་],
[ངོ་ རེ་ ཚ],
[ང་ དྲུག་],
[ཇ་ བསྲུ་],
[ཚེས་ བ་],
[དགུ་ བ་],
[ཚེས་ རྫ],
[ལོ་ རིས་],
[རྩིག་ བ],
[རིང་ བོ་],
[རྐུ་ མ],
[ཁང་ ང་],
[རྫིང་ རིས་ མ],
[རྫིང་ རྐྱ་མ],
[འུར་ ལུ་མ],
[སྒོན་ པ་],
[ལས་ བྱ],
[དགོང་ ཐུང་],
[ཁང་ ང],
[དུག་ ཀ་],
[ནུབ་ ཀ་],
[བེའུ་ ལུ་],
[ཚིག་ ཇ],
[ཀྲུང་ གོ་],
[འཇར་ པན་],
[ཨ་ རྫ་],
[ཡུས་ ཀོ་],
[ཁ་ ཟི་ གཏོད],
[ཁ་ གཏོད],
[ངོ་ ལུ],
[ཆི་ ལས་],
[ཆི་ དགོས་],
[ཁྱོ་ ཉིས་],
[གྲྭ་ བ],
[ཆི་ ཟོ་],
[དེང་ ཀ་],
[བལྟ་ ཡེད་],
[མེ་ ལུ་],
[ཨུ་ འགྲིག་],
[སྐྱག་ ས],
[མང་ བོ],
[ག་ ན],
[ཨུ་ ཡོང་],
[ཟེ ར་ ལྔ་],
[ཨུ་ སྐོམ་],
[སྡོད་ བ་],
[ཐ་ སྣོད་],
[ད་ ད་],
[ཨུ་ དགོས་],
[སྤོ་ ཟིག་ ལངས་],
[ད་ ཆི་],
[ངེད་ ཉིས],
[སྐྱ ར],
[ཁྱེད་ ཆས་],
[ཁེར་ ཉིན་པ ར་],
[ཀན་ ཆས་],
[ཀན་ ཉ],
[འབུམ་ ཁང་],
[དུམ་ ཕྲོ ས],
[རྒྱ་ར་ མ་],
[བརྡ་ རྟགས],
[སྡུ ས],
[ངི་ཆོ ས་],
[ཉི་ མ],
[རྫི ས་],
[བདའ་ ཡས་],
[ཉེ་ སྲང་],
[ཁ་ ཐག],
[ཡིན་ ལེ་],
[ངེ་ ཚང་],
[ལུ་ འུ],
[ལོ་ ལོ་],
[འཇོག་ རྒྱུས་],
[ཨུ་ འཕྲོག་],
[ཱའདི ས་],
[འདི་ རིས་],
[ཨུ་ འགི་],
[ཨུ་ ཧྲ་འུ་],
[གློག་ ཀླད],
[གློག་ ཀླད་],
[ཨུ་ འོང་],
[སུ་ འུ་],
[ལྡེ་ མྱིག],
[ཨུ་ ལྗིད་],
[ཨ་ མ་],
[བསོ ར་],
[ཁྱེར་ རུ་],
[ཨུ་ རྒྱག་],
[རྡོ འི་],
[ཧར་ གི་],
[དུ་ ཆ་],
[ཉོས་ ར་],
[མ་ ཡིས་],
[ཁྲིམས་ མ་],
[སྐྱག་ _  མོ་],
[ཉི་ཤུ་ རྩ་ བཞི],
[ཨ་ ཀོ་],
[ཨ་ ཀོ],
[བཕྲུལ་ རྟ་],
[ཨ་ འ],
[ཡ་ རུ],
[ཤོད་ ར་],
[ཞོན་ ར་],
[དཀའ་ མོ་],
[ཧ་ འོ],
[ཡིན་ ར ས་],
[ཅང་ མ་],
[བསུ ་],
[ཨ་ འེ་],
[བླུགས་ ར་],
[འབར་ སྐྱེད་],
[འདི་ འས་],
[གོན་ རྒྱོ་],
[སྦྱར་ རེ་],
[ཧྲ་ འི],
[རྒྱོབས་ ར་],
[ད་ རུ ས་],
[ཡ་ ཐུ་],
[ཐུ ས་ ཙུ་],
[གཉིས་ འ],
[ཆུ ས་ ཆུ ས་],
[ནག་ གོ་],
[ད་ སོ་མ],
[བུ འི་ ལུ་],
[ཧ་ མ],
[བག་ ཆགས],
[ཡི་ རང],
[གྲོགས་ ཧོ],
[ཡིག་ སྒོམ],
[ཡིག་ སྒོམ་],
[སློབ་ བྱ],
[རྐང་ ཚ་],
[རྒྱོ་ ར་],
[མང་ སྲིང་],
[ཚོགས་ ཧ་],
[མགོ་ ཁྲིད],
[ཧུང་ བོ་],
[བགས་ ཆགས],
[འུ་ སོ་],
[ཨ ་ ཐར],
[སྦྱིན་ སྲེས་],
[སྦྱིན་ སྲེས],
[ལོ་ ཕྱེད་],
[ད ས],
[མ་ཧྲོ ས་],
[ཙི ས་ འ་],
[ཨ་བོ],
[བཤ ས],
[ཁ་ ཉ་],
[ལྕགས་ ར་],
[འབུམ་ ཁང],
[ཁྲི་ ལུ],
[ལོ་ ཚིག་],
[རྒྱོ་ དུ་],
[བཅ ར་],
[ཡེད་ ཏང་],
[སྐྱག་ ས་],
[གཡར་ ཁ],
[གཉིས་ བརྒྱ་],
[མཐུག་ ཧོ་],
[ཁྲི་ ལོ་],
[ཁྲི་ ལོ],
[ཉོ་ ཀྱིན],
[ཉེན་ སྲུང],
[ཉོ་ ཀྱིན་],
[བོད་ ལྭ],
[སྒྲ་ སྒམ],
[གསོལ་ མོ],
[སྩོག་ འས་],
[ཨ་ ཝེ],
[འགྱོ་ ཆས་ ཡེད་],
[ཁྱོ་ ཡ་],
[དཀྲུགས་ འ་],
[ང་ ཟོ་],
[སྐོམ་ མེ་],
[འགྱོ་ འ་],
[གཤོབ་ རྐྱལ་],
[སྐྱག་ ཀི་],
[རྩྭ་ འི་],
[གྱོག་ མ་],
[རྟག་ སེ་],
[ངུ་ ཆོས་],
[མྱིག་ རྡོ],
[ཧི་ ཡེ་],
[ཆོ་ ཆོ],
[བཞུ ར་],
[འུ་ གཉིས],
[དགོ་ ཁུ་],
[བསྡུ ར],
[ཨ་ འོ་],
[ཨེ་ གོ],
[བདག་ ཀོ །],
[གུག་ ཡས་],
[སྤྱོད་ ཁང་],
[གཞོག་ གྲི་],
[བོག་ ཧ],
[ཉི་ མོ་],
[མག་ ཧ་],
[ལོ་ ལོན],
[ནངས་ དུ ས],
[ཐུག་ ར་],
[ཁ་ ཤག་ གྱས་ ཡས],
[བེ་ འུ་],
[ཐུལ་ མ],
[ཨིན་ ཧིན],
[འཛི་ ཐོ་ མ],
[འཛི་ ར་མ],
[རྒྱ་ ཐོ་ མ],
[འབྲི་ རྒན],
[མཛོ་ རྒན་ མ་],
[ཧུ་ ཆོ],
[ཧུ་ ཆོ་],
[ལྕགས་ ར],
[འདི་ ཆ་],
[ངེ་ ཆ་],
[ཁེ་ ར་],
[དགོ་ ནི་ བོ་],
[དགོ་ དུ ས་],
[འགྱོ་ དང་],
[སྐྱབས་ སུ་ མཆི],
[པགས་ ར ས་],
[ཧར་ སུ ར་],
[དུ་ ཡེད],
[སྐྱ ར་ ར་],
[སྐྱུར་ ར་ ཐོངས],
[འགྱིག་ སྒྱེ་],
[ཁྱུ་ ཆེ་],
[ན་ འེ་ ནོག་ འེ་],
[གློག་ ལས་ བ་],
[མཅོམ་ ལྡན་ འདས་],
[ཐུང་ ང་],
[ལོ་ གསུམ་],
[འོད་ དཔོག་ མེད་],
[ཕྱག་ འཚལ་],
[འོད་ དཔོག་ ཏུ་ མེད་པ་],
[སེས་ བོ་],
[ཤོག་ སྒམ་],
[ཡིག་ འེ་],
[ཨེབ་ ཆེན་],
[བཀའ་ ཡས་],
[འགྱོ་ འུ],
[ཐོངས་ ད],
[ཡོང་ ཡ],
[ཇ་ ལུག],
[བྱག་ འཚའ་],
[འཕུ་ རུང་],
[ཆུ་ སྒམ་],
[ཤེས་ ཏོང་],
[སྣབས་ ལུག་],
[ག་ ཟོ་],
[ཡོང་ སྐྱད་],
[སྟེར་ སྐྱེད],
[ཧེ་ འདེབས་],
[རིས་ མ་],
[ཕྱག་ འཚལ],
[ལོག་ འ་],
[རྗེ་ ར་],
[སེམས་ དཔའ་],
[སེམས་དཔའ་ ཆེན་པོ་],
[ཧོད་ ལ་],
[ལག་ ར་],
[ཟེ་ རེ་],
[དམར་ བོ་],
[སྤྱན་རས་གཟིགས་ དབང་],
[ས་ ཡི་ སྙིང་པོ་],
[ཀུན་ དུ་ བཟང་],
[གདུགས་ མཆོག་],
[འདོད་ འབྱུང་],
[བུམ་ བཟང་],
[དབང་ བསྒྱུར་],
[རྟགས་ མཆོག་],
[ཕྱོགས་ དུ ས་],
[དགྱེས་ སྐྱེད་མ],
[བརྙེས་ བ],
[བྱིན རླབས་],
[མི་ ཕྱེད་],
[ཇི་ལྟ ར་],
[སྐྱེ་ བུ་],
[ཇ་ སུ ས་],
[ཚ་ ཁུ ས་],
[འུ་ ཆེ་],
[དགོ་ གྱི་],
[ཨོས་ ཡོད་ དྲ],
[ཟེ་ _  ནེ་],
[ག་ སོ་],
[བླངས་ ངས་],
[ཧར་ བཞག་],
[བཞག་ འས་],
[འདྲེ་ ཡས་],
[བཀར་ ཏང་],
[བལྟས་ དང་],
[རྙིང་ ང་],
[ཡ་ འུ],
[ཧང་ ངས་],
[རྙིང་ ང་ བོ་],
[ལྗང་ རིས་],
[གསའ་ ཡེ་],
[བརྒྱོབ་ བ་],
[ནམ་ མཚའ་],
[བཏང་ དང་ ངེ་],
[བྱེ་ སྐྱིད་ གོ་],
[རྒྱུག་ འས་],
[བླང་ ངེ་],
[ཟིག་ ཟོ་],
[རྩམ་ སྒྱོ་],
[ཁབ་ བརྒྱབས་ བ],
[རྒྱག་ རོགས་],
[རྒྱ་ འུ་],
[བོད་ སྨན་],
[འུ་ ཟོ་],
[བོད་ སྨན],
[མིན་ དང་],
[བལྟས་ འུ་],
[དགའ་ རེ་],
[བསམ་ གཟིག་ འེ་],
[གནོད་ སྐྱེས་],
[བླངས་ བ],
[ཧྲད་ ལ་],
[ཁྱི་ ལྟོ་],
[སྔུན་ མ་],
[ཁྱིད་ ལེ་],
[ཉོན་ _  དྲ],
[རྕོད་ པ་],
[ཁོ་ ཆོ་],
[ལག་ བརྒྱབ་ བ],
[ཟེ་ འོ་],
[ཁྲིད་ ལེ་],
[ཡོང་ ངོ་ ཁུ་],
[སྦྲགས་ སྐད་],
[ངི་ ཆས་],
[གོ་ དགུ་],
[འདི་མོ ས་],
[རྐུ་ ལ་ རྐུ་ ལ],
[ལེན་ ལ་ ལེན་ ལ],
[སྔ་ ཚོད་],
[མོ ས],
[ཁྱེད་ ཆོས་],
[རྩམ་ འགྱོགས],
[ཡུས་ ནས་],
[ལྔ་ བ་],
[དྲུག་ ཀ་],
[རྐང་ རྒྱུག],
[དེས་མོ ས་],
[ཤམ་ ཚ],
[བསྐྱུ་ དགོ་],
[ཁྱག་ ཡ་],
[མཛུ་ འུ་],
[ང་ སོ་],
[ཞི་ འི་],
[དཀར་ དྲིལ་],
[ལག་ ཁྱོག་],
[མོ ས་ འི་],
[ཆུ་ འཐུང],
[གླ ས་],
[འདེ་ འེ ས་],
[སྡུ ས་ ད་],
[སྟེར་ དྲ་],
[སྒུག་ འེ་],
[སྐྱབས་ སུམ་],
[སེམས་ ཅན་],
[སྤྱང་ རྒན་],
[གུང་ ཆུ་],
[ཅི་ ལྟར་],
[ཀུན་ དུ་ བཟང་ བོ་],
[ཐམས་ ཅད་],
[དུས་ གསུམ་],
[སྔོགས་ པ་],
[བྱེ་ ནུད་],
[ཞ་ ལེ་],
[ཨ་ པུ],
[སྩོག་ ཐང་],
[ཡ་ འུ ས་],
[བྱག་ མཚའ་],
[བྱག་ མཚོ],
[ག་ རོ ས་],
[སྩོག་ འེ་],
[གཡུ་ བྱ་],
[བཟུང _  འས་],
[སྐྱང་ རོ ས་],
[སྣ་ འགོ་],
[ལུག་ འས་],
[ད་ རབ་],
[གསུ ས་],
[གསས་ སྟོན],
[གསས་ སྟོན་],
[གསེས་ སྟོན་],
[གསེ་ སྟོན་],
[ཕ་ ལོ་],
[ཆུ་ གབ་],
[ཆུང་ ང་],
[འབྲོང་ ཕྲུག་],
[འགྱིག་ བྱར་],
[གན་ ཆ་],
[ལེ་ ཟེ་],
[ཡིན་ ཁ་],
[སྩོག་ ར་],
[སྟོ ས་],
[དུག་ ག་],
[འཇོག་ སྟོན་],
[ས་ ཏྭ་],
[མེ་ ག་],
[ཟ་ སྟོན་],
[ཨ་བོ ས་],
[བོ་ ཡ],
[གཞིས་ ནས་],
[རྩིས་ འཕྲིལ་],
[ཕབ་ སྟོན་],
[ཁོང་ གེ་],
[མི་ ནེ་],
[ཁྱེ་ ག་],
[ཁྱོག་ གྱ་],
[དུ ས་ འེ ས་],
[ལྕེ་ ལྡག་],
[ལུག་ གོ་],
[གཤོ་ ཡེ་ ནེ་],
[ཐུག་ འེ་],
[ཞོང་ པ་],
[སྣ་ ཁྱག་],
[དྲི་ ཤོག་],
[དཔར་ ཆས་],
[རྩ་ གཅིག],
[རྩ་ བཞི],
[སོ་ གསུམ་],
[སོ་ དྲུག་],
[སོ་ དགུ],
[ཞེ་ ལྔ་],
[ཞེ་ ལྔ],
[ཞེ་ དྲུག་],
[ཞེ་ བདུན་],
[ཞེ་ བརྒྱད],
[ཞེ་ དགུ་],
[ལྔ་ གཅིག],
[ང་ ལྔ],
[ང་ བདུན་],
[ང་ གསུམ་],
[ཆེད་ སྒྲིག་],
[ཡོ་ དྲ་],
[གྱང་ ཁ་],
[རྩིས་ རྒྱགས་],
[ཐང་ བཞི ས་],
[ཁྱུ་ སྒ ས་],
[ཟུང་ ངས་],
[བཅུ་ ཐམས་ པ་],
[བཏོན་ ནེ་],
[ཁྱ ས་ ག་],
[ད་ ནིང་],
[ཚར་ གཅིག་],
[ཚར་ གཉིས],
[ཁྲི་ དྲུག་],
[གྱང་ སྤད་],
[མེད་ དྲིས་],
[ཚར་ ལྔ],
[བཏོན་ ནས་],
[སྔུན་ སོ་],
[བཞི་ བོ་],
[ཧད་ ལེ་],
[ཧུད་ ལེ་],
[ཨ་ ཙ་],
[ཡོས་ མོ་],
[འདི་ ཡེ་],
[མིན་ ནས་],
[དུ་ འཕྲོ འི་],
[རྫ་ བ་],
[རྫ་ རེ་],
[ངུ་ ཉིས་ ཀ],
[ཁར་ ཚང་],
[འི ས་],
[ཨང་ ཧོ],
[སྤོ་ ཁོས་],
[ནག་ ཧོ་],
[ཨ་ཧ་ བོ],
[ཙིགས་ འེ་],
[ད་ སེངས་],
[འུ་ འོ],
[ཤི་ རེ་ཁེ],
[སྙིང་ མི་རྗེ་],
[ཧོང་ མགོ་],
[འཕག་ རྐྱ་],
[ཡིན་ ད་ མིན་ད་],
[ཤོག་ བ],
[དེ་ འཕྲོ],
[ད་ལྟ ར་],
[ཕྱོགས་ སྡོམ་],
[ཆི་ འདྲ་],
[ལས་ བ་],
[ལྟོས་ བ་],
[ཧ་ བུ་],
[ཀ་ སྐོར་],
[དྲྭ་ ལམ་],
[དཀྱིས་ གུང་],
[ཆི་ ཡི་],
[ཧུ་ འབག་],
[ཁྱུ་ ཉིས་ འ་],
[སྒྱོག་ འོ་],
[ཚེན་ ཞུ་],
[ཙེམ་ གྲི་],
[རྩེད་ སྐྱེད་],
[ངུ་ འི་],
[འདི་ ར་],
[འདི་ ཟོ་],
[ང་སྒེ་ ར་],[ང་སྒེ་][ར]
[ངེས་ ངེས་],
[བོབ་ བ་],
[དུ་ ཆི ས་],
[རྒྱག་ རྒྱོ་],
[ཧར་ སུར་],
[འདེད་ དྲ་],
[འདྲ་ འདྲོ་],
[ཤོར་ རེ་],
[ཡེད་ དྲ་],
[ཁྱོ ར],
[འོང་ ལྕགས་],
[ཁིས་ འི ས་],
[ཚོ་ ཏུག་],
[གློག་ བརྙན་],
[གི་ བཞུ་],
[ཞབས་ མཆུ་],
[ཨ],
[བོད་ ལྭ་],
[མཛུབ་ གུ་],
[ཀླད་ ཁ་],
[རྫི་མ་],
[རྣ་ གཞི་ -ར་],
[སྐོར་ བྲོ་],
[འགྲན་ བསྡུ ར་],
[གཟའ་ སྡུབ་],
[བསད་ དང་],
[མྱི་ ལྡང་],
[སྡིག་ ཧ་],
[ཙུ་ འས་],
[ཨུ་ མིན་],
[ཙིག་ ཡ་],
[ཨ་ མི་ དྷེ་ བ་],
[ས་ རེས་],
[མིན་ ཚི་],
[ཨ་ རེད་],
[དེ་ འུ་],
[ཟ་ སྣུམ་],
[བཅོ་ ལྔ],
[བཅོ་ བརྒྱད],
[རྩ་ གསུམ],
[རྩ་ ལྔ],
[རྩ་ བདུན],
[རྩ་ བརྒྱད],
[སོ་ བཅུ],
[སོ་ གསུམ],
[སོ་ ལྔ],
[སོ་ བདུན],
[སོ་ བརྒྱད],
[བཞི་ བཅུ],
[ཞེ་ གཉིས],
[ཞེ་ གསུམ],
[ཞེ་ བཞི],
[ཞེ་ དྲུག],
[ཞེ་ བདུན],
[ཞེ་ དགུ],
[ང་ གཅིག],
[ང་ གཉིས],
[ང་ གསུམ],
[ང་ བཞི],
[ང་ དྲུག],
[ང་ བདུན],
[ང་ བརྒྱད],
[ང་ དགུ],
[རེ་ གསུམ],
[རེ་ བཞི],
[རེ་ ལྔ],
[རེ་ དྲུག],
[རེ་ བདུན],
[རེ་ བརྒྱད],
[བདུན་ ཆུ་],
[དོན་ གསུམ],
[དོན་ བཞི],
[དོན་ ལྔ],
[དོན་ དྲུག],
[དོན་ བདུན],
[དོན་ བརྒྱད],
[དོན་ དགུ],
[བརྒྱ་ ཆུ་],
[གྱ་ བཞི],
[གྱ་ ལྔ],
[གྱ་ དྲུག],
[གྱ་ བདུན],
[གྱ་ བརྒྱད],
[གྱ་ དགུ],
[དགུ་ བཅུ],
[གོ་ གཅིག],
[གོ་ གཉིས],
[གོ་ གསུམ],
[གོ་ བཞི],
[གོ་ ལྔ],
[གོ་ དྲུག],
[གོ་ བདུན],
[གོ་ བརྒྱད],
[གོ་ དགུ],
[དོན་ གཉིས],
[འུན་ ནང་],
[ཁྲི་ ལུ་],
[ཧ་ ཡིས་],
[བླ་ རུ་ཁ་],
[རིན་ པ་],
[ལག་ ངན་ མ་],
[རྒྱ་རས་ མ་],
[མང་ བོ་],
[དེ་ འ་],
[མར་ སྣུམ་],
[ཚལ་ སྣུམ་],
[ཨོ་ འོ],
[ཟ་ སྣུམ],
[བདེན་ ཁྱ་ ཁྱ],
[གདེ་ འུ་],
[ཨ་ ཡིས་],
[རྐོས་ ན་ ཡ་],
[འདི་ ཡིས་],
[ཨུ་ འི་],
[སྣུམ་ ལམ་],
[བ་ འགྲེ་],
[བསོལ་ ཁུ་],
[ཟེར་ རེས་],
[ཨུ་ ལག་],
[ཚང་ ཁང་],
[རེས་ འཁོར་],
[འགྲེང་ ངེ་],
[འདི་ འདྲུག་],
[ཁྱོད་ ཉིས་ འ་],
[ཤོག་ ནི་],
[མན་ ན་],
[དགོ་ འུ་ འ་],
[རེད་ དོ་],
[ཨང་ གྲགས་],
[འདི་ཆོ འི་],
[རྒན་མོ་ ཆོ་],
[སྙིང་ མ་ བརྗེ],
[ཡེད་ གྲེ་],
[ཐེངས་ མ་],
[མིན་ ར་],
[ཕོ ར་],
[ཉོ་ ཁ་],
[ཁེ་ གི་],
[འགྱིག་ ཁུག་],
[དགོ་ ཟི་ ཨ་],
[ཨ་ བདེ་],
[ལུག་ རོ་],
[རྒ་ པོ་],
[དུ་ ཆོ],
[དུ་ ཁ],
[སུ་ ཆ་],
[འ་ ནི་ མ་ རེད་],
[ཆ་ག ས་],[ཆ་ག][ས]
[གཅིག་ འ],
[ཉིས་ འ],
[མ་ ཡེ ས་],
[འཐོར་ ར ས་],
[ཡོ་ འུ་],
[ཤར་ སེ་],
[འོད་ ས་ -འོ་],
[ཧུ་ མ་],
[ཨ་ རྫ ས་ ཙ་],
[ཁ་ཡོག་ འ་],
[སྡུ ར་],
[དག་ དག],
[ཐོག་ པ་],
[ཚུ ར་ ཀ་],
[ལྗང་ ཀི་],
[ནག་ གི་],
[མ་ཁ་ ཤུར་],
[ཨུ་ ཁེ་],
[སོང་ བས་],
[འདུག་ བས་],
[བབས་ རྒྱུ་ ར་],
[སྤྱི ས་],
[འདོར་ ན་],
[སུ་ འ་],
[ཕན་ ནས་],
[ནག་ ཐོ],
[བཟླ་ ལྷག་],
[འདྲ་ བོ་],
[ཤུན་ པགས་],
[རྫ ས་ ཙ་ ཆིག་],
[མ་ ར ས་],
[ཆུང་ རེས་],
[ཐ་ ཚོད་],
[ལག་ བ],
[ང་ སྒི་],
[གོ་ ཡས་],
[མོ་ འ་],
[ཁྲིད་ ནས་],
[ལས་ཀ་ བ་],
[ཐངས་ རེ་],
[འུ་ ཆས],
[སྟ་ མ་ སྟེའུ],
[ཤ་ཚ་ བོ་],
[དཀའ་ ཆག་],
[ཆ་ འོ་],
[ངི་ཉིས་ བས་],
[མ་ ཟིག་ འ་],
[དུ་ མི་ དུ་],
[གཙོག་ ཧ་],
[དུ་ ཟིག་],
[ཁ་ཚང་ བ་],
[འ་ ནི],
[འདི་ ཟིག་ འ་],
[ཀ་ རོལ་],
[གད ར་],
[ཕྱིས་ ཀ],
[ཧོག་ གི་ ནང་ འདྲ་],
[རག་ མོ་],
[ཧུར་ ལེ་],
[བཀྱུ་ བ་],
[ཁུ་ ཟིག་],
[སེར་ སྒྲོས་],
[ངི་ཆོ ས],
[ཆི་ རིག་],
[ཁེ་ རུ་ མོ་],
[གཅིག་པོ་ -ར་],
[སྒང་ རེ་],
[ཁ་ར་ ཡེད་ ན་],
[ཁུ་ ཆས་],
[མ་ ཁེལ་],
[ཁུང་ བོ་],
[མེད་ རི],
[ཁུ་ ཉིས་ ཀི་],
[ཀོ ར་ གཅིག་],
[ཁུ་ རུག་],
[ཉིན་ ཚིག་ འ་],
[མ ས་],
[ཕ ར་ ཀ་],
[ངི་ དུ་],
[ན་ ཞི་ ནོག་ ཞི་],
[ཙོག་ འ་],
[ཀ་ར་ཀ་ རོ་],
[ལུང་ བ་],
[ཚང་ འ],
[ཧུད་ གི་],
[ལེ་ མོ],
[དུ་ རུ་],
[དགོ་ འ་],
[ཉེ ས་],
[ཆུ་ ཤོག་],
[ར་ འམ་],
[གཟེར་ རེས་],
[མི་ འ་],
[ཧོ་ ཁོས་],
[བ ས་],
[ངི་ ཚོས་],[ངི་ཚོ][ས]
[དུ་ རེད],
[ཉིས་ རེ་],
[རྒྱ་ རྒན་ -ཟོ་],[རྒྱ་རྒན་][ཟོ]
[གཙང་ ཤོག་],
[འགུས་ བ་],
[ཙམ་ ཙི ས་],
[ཧུ་ གེ་],
[ངུ་ ཉིས],
[ཅན་ ཟི་],[ཅན་][ཟི]
[ཁེར་ རུ་],
[ལུག་ ཆོ་],[ལུག་][ཆོ]
[ཅར་ ཅིག་],
[ད་ སྐོར་],
[ལྕགས་ སྐུད་],
[ཕྱིར་ རྫོག་],[ཕྱིར་][རྫོག]
[ཟན་ སྨྱུག་],
[མྱིག་ ཆུ་],
[ཧུ ས་],
[ཨ་ ཟི],
[གློག་ རིན་],
[འདི་ འུ],
[ཧོ་ བ་],
[སུམ་ ལུགས་],
[དགུ་ ལུགས],
[ཨེ་ ཡེ་],
[ཁྲི ས་ བ་],
[ཆི་ ཁུར་],
[ཆི་ ཟིག་],
[ཁྱུ་ ར་ ཆོ་],[ཁྱུ་][ར་][ཆོ]
[སྡིག་ རོ],
[བྱིས་ གཉེར་],
[ཁྱིད་ ཐ་],[ཁྱིད་][ཐ]
[ལྕགས་ ཐགས་],
[འདྲུད་ ད ས],[འདྲུད་][དས]
[ཆར་ ར་],
[ཅི ས་ ལོག],
[སྤོ་ མ་ ལངས་],[སྤོ་][མ་][ལངས]
[སང་ ཡ་],
[ཡུས་ ཡ་],
[ཙི་ འ་ ཟིག་],
[སློང་ གླིང་],
[རྒྱ་ ཚེས་],
[ཕྱིར་ བ་],
[ཧ་ ཐུ་],
[ལོ་ ལ],
[འདི་ མོ་],
[ནུ་ ནུ་],
[གཉིས་ བ],
[དེ་ཡ་],
[ཐུར་ར་],
[སྤྱི་ བསྡོམ་],
[ངོ་མ ས],
[ཉི་ ཀ],
[དེད་ ལས་],[དེད་][ལས]
[ལུག་ བཟུང་],[ལུག་][བཟུང་]
[ཟེ་ གེ་],
[ཆེ་ ཁྲིད་],
[ཡོ་ ནེ་],
[ད་ སྔ་],
[ཐད་ཀ ར་],
[ག་ འི ས་],
[སྤོ་ ཁོལ་],
[བྱོགས་ སྡོམ་],
[སྤྱི་ སྡོམ་],
[སུ་ ཡོ་],[སུ་][ཡོ]
[ཡོ་ ཁུ་],[ཡོ་][ཁུ]
[གཉིས་ པ་],
[ཟེ་ གོ་],[ཟེ་][གོ]
[འགོ་ ལོག་],
[ཚོ་ ལྟིག],
[ཆེ་ ཡེ་],
[ཁྱི་ ཀ་],
[གནའ་ འུ་],
[གནའ་ འུ],
[ཧར་ སྐུར་],[ཧར་][སྐུར]
[བཅུག་ འ་],
[དག་ འ་],[དག་][འ]
[ཡ འུ་],
[ཞོག་ དང་],[ཞོག་][དང་]
[བཤེར་ འབེབས],
[ཁ་ ཤེ་],
[བཤེར་ འབེབས་],
[ཞོགས་ འ་],
[སྟོན་ དང་],[སྟོན་][དང་]
[བུད་ དང་],[བུད་][དང་]
[ལྟ་ ས་],
[ཁི ར་ གས་],
[བཟློ ས་],
[ཐོང་ ད་],[ཐོང་][ད]
[ངི་ ཁྱོ],[ངི་][ཁྱོ]
[ཟེ་ ནོ་ བོ་],[ཟེ་][ནོ་][བོ]
[ཉི་ འཁར་],
[བཤད་ གོ་],[བཤད་][གོ]
[ཟི ར་ ནས་],[ཟིར་][ནས]
[འབྲོག་ ཧ་],
[སྐུ་ དཔོན་],
[ངི་ ཆ་ཀ],
[ངི་ ཁྱ་],[ངི་][ཁྱོ]
[ངི་ ཚོ་],
[རྐ་ ལག་],
[ཁྱོ་ ཆོ་],
[གདུ་ འུ],
[སྒེ ར],
[མྱེ་ བརུ],[མྱེ་][བ][རུ]
[ངེ་ ནས་],[ངེ་][ནས]
[ཨོང་ སྐྱག་],
[བ ས],
[གཅུ ར],
[ཕ ར་ ཆེ ར་],
[ལག་ ལུ་],
[མག་ ག་],
[མཆོག་ ཁང་],
[ཁར་ ཉིན་པ ར་],[ཁར་ཉིན་][པ][ར]
[ལྔ་ བ],
[དབྱ ར་ རྩྭ],
[ཆི་ ཁ་],
[རྫ་ ཡ],[རྫ་][ཡ]
[བསྡད་ བཏང་],[བསྡད་][བཏང་]
[ཡི་ ན་],
[ནིང་ སྔ་],
[གན་ ཚོ],
[ས་ འུ་],
[ཐུང་ ངེ་],
[འདི་ ཀ་],
[གློག་ གློག],[གློག་][གློག]
[ཡོད་ ཚིག་],
[ཐོང་ ར་],
[སྐྱག་ _  འེ་],[སྐྱག་][འེ]
[མེད་ ཚིག་],
[ངོ་ ཤེས],
[ཟེ་ འུ་],
[མ་ ཐུ་],
[སིན་ གི་],
[གསར་ བསྒྲིགས་],
[དགེ་ འུ་],
[བསྐུར་ དྲ་],[བསྐུར་][དྲ]
[ཅི་ ཡེ་],[ཅི་][ཡེ]
[ཚིག་ བསྒྲིགས་],
[བརྫས་ _  ཡེ་],
[བརྫས་ ཡེ་],
[སྦྱོར་ ར་ དང་],[སྦྱོར་][ར་][དང་]
[རིག་ སིག་],
[ཧར་ ནང་],
[བ་ ཡེ་],
[མང་ མ་],
[མཚམས་ རེ་],
[གནམ་ མ་],[གནམ་][མ]
[གཉིག་ ནད་],[གཉིག་][ནད]
[གཏེད་ དང་ ངེ་],[གཏེད་][དང་][ངེ]
[ཚད་ བཙུགས་ འེ་],[ཚད་བཙུགས་][འེ]
[ཁྱེར་ སོང་ ངེ་],[ཁྱེར་][སོང་][ངེ]
[ནོག་ འས་],
[སྒོ་ སམ་],
[ཅི ས་ ཅ་],
[ཉེ་ འོ་],
[ཤེས་ འ],
[འདེ་ བོ],
[འགྱོ་ _  ཡེ་],[འགྱོ་][ཡེ]
[ཧམ་ ཁ་],
[ཁྱོ་ རང་],
[སུམ་ ཆུ་],
[ཟུང་ ང་],
[གྱེན་ ན་],
[ནངས་ སྔ་],
[ཧུག་ འུ་],
[རིག་ འ་],[རིག་][འ]
[ངི་ ཚོ],
[ག་ ཟིག་ ནས་],[ག་][ཟིག་][ནས]
[འགྱུ ར་ སོང་],
[གནའ་ ཤི་བོ་],
[དུ་ ཤོག་],[དུ་][ཤོག]
[ཤོག་ དྲ་],[ཤོག་][དྲ]
[ཨུ་ ཁུག་],
[སྡིག་ ཤ་ཁུ་],
[ཨུ་ ཐ་],
[བར་ ཙིག་],
[ཨ་ འ་],
[བྱུང་ ན་],
[ཚིས་ འ་],
[ཆེ་ བོ],
[ད་ ཙི་],
[ཁྱོ་ གི་],[ཁྱོ་][གི]
[ན་ ཁུར་],[ན་][ཁུར]
[ངན་ ལངས་],
[རྣ་ འུ་],[རྣ་][འུ]
[གང་ ཆོ་],
[གཅར་ ར],
[ཁྱེད་ ཉིས་],
[ཡག་ འེ་],[ཡག་][འེ]
[འཁྱམ་ ལི་],
[འདར་ ཏང་ ནོ་],[འདར་][ཏང་][ནོ]
[ཐུར་ ར],[ཐུར་][ར]
[བཞག་ རེ་],
[དེད་ ལེ་],
[སྡེ་ འི་],
[བཀྱག་ འེ་],
[འགྱོ་ རྒྱོ་],[འགྱོ་][རྒྱུ]
[རྩོད་ དྲ འི་],[རྩོད་དྲ][འི]
[བཟུར་ རེ་],[བཟུར་][རེ]
[ཡ་ ངན་],
[ཡོས་ གེ་],
[རྨྱིས་ ཏང་],
[རྩེ་ འི་],[རྩེ་][འི]
[ཟེར་ རེ་],
[ཡོད་ ལེ་],[ཡོད་][ལེ]
[མང་ ངེ་],[མང་][ངེ]
[ཧ་ མ་],
[བུད་ ལེ],[བུད་][ལེ]
[ཧར་ ཚུར་],
[མ་ལ ས་],[མ་][ལས]
[ཨ་ འབག་],
[ཆི་ རྫ་],[ཆི་][རྫ]
[མར་ ལེ],[མར་][ལེ]
[ཡར་ ལེ],[ཡར་][ལེ]
[ཁ་ རང་],[ཁ་][རང་]
[ཨུན་ ཧུན],
[དི་ དི་],[དི་][དི]
[ཨུ་ འགྲོ་],
[དེ་ ཀོ་],[དེ་][ཀོ]
[མི་ ཁྲིད་ རུ་ ར་],[མི་][ཁྲིད་][རུ་][ར]
[ཨ་ན་ ན],
[ཅེ་ ལོ་],
[འོ ས་],
[དོ ར་],
[ཨི་ འདྲ་],
[འདེ འོ་],
[ཨུ་ གོ་ ཡ་],[ཨུ་གོ་][ཡ]
[རིག་ འུ་],[རིག་][འུ]
[རིག་ གི་],[རིག་][གི]
[ངེད་ ད་ དགོ་],[ངེད་][ད་][དགོ]
[ཧྲ་ བོ་ ཧྲ་ བོ],
[བསྩོག་ _  འ་],
[དང་ ངོ],[དང་][ངོ]
[རྩེད་ སྐྱིད་],
[ཕྱི་ ཇ་],
[བཙུགས་ འེ་],[བཙུགས་][འེ]
[བཙུགས་ འས],[བཙུགས་][འས]
[དགེ་ བསྐུལ་],
[བཞི་ འུ་],[བཞི་][འུ]
[རྩིས་ འུ],
[གཉིས་ འུ་],[གཉིས་][འུ]
[བསམ་ གྱི་],[བསམ་][གྱི]
[ཡང་ ང],[ཡང་][ང]
[ཁེར་ བོ་],
[གྲོགས་ ཡེད་],
[བྱ་ བསྒྲུབས་],[བྱ་][བསྒྲུབས]
[འགྱིག་ ཐོ་],
[རུ་ ཉུག་],
[སྒོ་ ར་],[སྒོ་][ར]
[གོབ་ མ་ ཆོད་],[གོབ་][མ་][ཆོད]
[ལྕགས་ ཐབས་],
[ཕྱར་ ར་],
[དི་ ར་],[དི་][ར]
[ལས་ དང་],[ལས་][དང་]
[ན་ རྫ་],
[རྩིབ་ བ་],
[ཁ་ རོགས་ འ་],[ཁ་རོགས་][འ]
[ཐོན་ ད་],[ཐོན་][ད]
[གྱང་ སྤོ་],[གྱང་][སྤོ]
[མིན་ ག],
[འཆུག་ འེ་],
[ཞིང་ སྒྲུང་],
[ཨི་ འུ],
[ཨི་ འུ་],
[དུ་ རུག་],
[ཧུད་ སྡུ་],
[དམར་སྐྱ ར་],
[བཞི་ ཅུ་],
[ཟེར་ དྲ་],
[ཐོས་ བ་],
[ཕ ར་ ར་],[ཕར་][ར]
[གོ ས་],
[ཚིག་ ཇ་],
[ཧུར་ གཞི་],
[ཧྲ་ ར་],
[བྱིན་ ར་],
[ཁྱོད་ ཆོས],
[འགྲུག་ བ་],
[ཨ་ཤུ་ ར ས་ ཀོ],
[འདྲེ་མོ་ མ་],
[ད་ སངས་་],
[སྐྱོར་ རུ་],[སྐྱོར་][རུ]
[ཆི་ ཡས་],
[རྡོ་ རེ་],
[ཤོག་ རེ་],
[བླངས་ བ་],
[ནག་ རོལ་],
[མི་སྒེ ར་],
[ཁྱུར་ སྒེ ར་],
[ཞབས་ ཞུ་],
[ཁོག་ བ],
[ཨ་ འདམ་],
[འགྱོ་ རྒྱུས་],[འགྱོ་][རྒྱུས]
[འདི་ འུ་],
[རེམ་ མ],
[བཏགས་ འེ་],
[འགོས་ ཡེ་],
[རྩེ་ རེ་],
[ངེ་ཉིས་ འེ་],[ངེ་ཉིས་][འེ]
[དུ་ ཟི་],[དུ་][ཟི]
[དུ་ ཉིན་],
[ཧྲ་ ལ་],
[ཡི་ འེ],
[ནག་ འེ་],
[ནོག་ འེ],
[གྱེས་ འགྱོ་ འགྲེ་],[གྱེས་][འགྱོ་][འགྲེ]
[ཨོན་ ན],
[ཇོ་ མོ],
[སིལ་ ཁུལ],
[ཇ་ བླུགས་],
[ཆུ་ ཀུབ་],
[ཆུ ར་ ར་],
[ཝེ་ ཡེ],
[ཆི་ བྱེད་],
[ད་ སྐབས],
[ཨུ་ འགྱུར་],
[དུ་ ཁྱོ་],
[མྱིང་ བ],
[མཛོ་ རྒན],
[འགུ་ བ་],
[རིག་ བ་],
[མཛོ་ རྒན་],
[ཨུ་ བླང་],
[བྲག་ རྩལ་],
[འགྱོ་ རྒྱོ་],
[རྩེ་ སྤྱད],
[འགོ་ འུ་],
[ཙག་ འ་ ར་],[ཙག་][འ་][ར]
[ངུ་ ཉིས་ ག་],[ངུ་ཉིས་][ག]
[དམག་ ཝོས་],
[ཤ་ ཧྲག་],
[འཁོར་ ར ས་],
[སྨད་ ལྭ་],
[མཐའ་ ཕྱིན་],
[ཆོས་ མཇལ་],
[གསལ་ ཡི་],
[གཉིད་ ལེ་],
[འཇབ་ བེ་],
[བཟུང་ རེ་],
[ཀ་ ཆད་ ཉ],
[མྱི་ དོང],
[སོ་སོ ར],[སོ་སོ][ར]
[མཚོ་ ལྷོ་],
[སྩབ་ རྫ ས་ ཐ་],[སྩབ་][རྫས་][ཐ]
[ཁུར་ སང་],
[དང་ བོ],
[མྱི་ ཆ་],[མྱི་][ཆ]
[ངེད་ཆ ས་],
[ལེན་ ཁ],
[ཡུ་ ཁོའུ་],
[ཧྲབ་ འོ་],
[གཡེར་ རྒྱུ],
[རི་ ཁ],
[སྐྱུག་ ལོག་],
[ཀན་ ད],
[ཙ་ འི་],
[ཙི ས་ འ],
[ཁྱེད་ སྒི་],
[ཏིག་ ཙ་],
[ཅི་ ཅིག་],
[དཀར་ ཡས་],
[ཆི་ ཟེ],
[གད་ རྙིགས་],
[འདི་ཡ ས],
[དི ར་ མོ་],
[ཡེ ས་ ན་],
[ཕྱག་ མཚ ར་],
[མ་ ཎིའི་],[མ་ཎི][འི]
[བལྟ ར་],
[ཕྱེས་ ར་],
[སོང་ ར་],
[འདི་ རེས],
[ཁྱོད་ ཆོས་],[ཁྱོད་ཆོ][ས]
[ཚོགས་ ཀ་],
[ངོ ས་],
[ཁ་ གྱོག་],
[ཁ་ ཟིག་],[ཁ་][ཟིག]
[མ་ ཁུ],[མ་][ཁུ]
[ཅན་ ཀོ],
[ཟེར་ སྤྱད་],
[ནངས་ ར འི་],[ནངས་ར][འི]
[མགོ་ རྡོག་],
[ཐོགས་ སྤྱད་],
[ཡེད་ ཏོང་],
[གུང་ ཚིག་],
[ཁས་ཉིན་ པ ར་],[ཁས་ཉིན་པ][ར]
[བོ ས],
[དུ་ ཁ་ ཉ་],
[ཆི་མོ ས་],
[ཤིས་ རིས་ ཀོ],
[སྡེ་ ཆོ་],
[ཀན་ ནས],
[ཆ་ ཙིག་],
[ཁབ་ སྐུད་],
[རྡོ་ ལེབ],
[ཁེར་ རེ],
[སྒོ ར་],
[ཁ་ རེ],
[ད་ རིས་],
[རེམ་ མ་],
[ཕྱི་ ར་],
[མཛའ་ ཤེས་],
[བརྡ་ རེ་],[བརྡ་][རེ]
[མཚོ་ རྟ],
[ཉོས་ བཏང་],
[ཁྱི་ ཐག་],
[སྐུར་ དང་],
[སོ་ གཅིག་],
[ཁ་ བླ་],
[སྨྱོས་ བཞག་],
[མང་ སྐུར་],
[ཨུ་ ཧེན],
[ཆེན་ མོ],
[འབྲེལ་ འཇོག་],
[བརྒྱབས་ བཏང་],
[ཀན་ གི་],
[འདོག་ གོ],
[སྐྱང་ སྟུག་],
[ཡི་ རང་],
[ཡེད་ བྱེད་],
[ཉོག་ གཏམ་],
[དྲ་ དངོས་],
[བསྩོག་ འེ་],
[ཤོགས་ འ་],
[ཤོགས་ འ],
[སྐྱག་ ཁ་],
[ངས་ ར་],
[འོག་ དཔག་མེད་],
[ཧར་ སྔུན་],
[གང་ གི་ འོ་ རེད་],[གང་][གི་][འོ་][རེད]
[ཨ་ ཁེ],
[ཨུ་ ཁས་ འོ་],
[ཨུ་ ལོན་],
[ཡོད་ ལེ],
[བཀྱགས་ ཡག་],
[ངུ་ གཉིས་],
[ང་ ཚོ་],
[ཆི་ ཡ་],
[ཁེ་ རེ་ཁེ་ རེ་],
[ཁེ་ རུ་མ་],
[བསོ ར],
[ཨུ་ འདུག་],
[ཨུ་ ཆུད་],
[ཚར་ རེས་],
[ཙི་ འས་],
[ཁེ་ རེ་],
[ད་ བྱིས་],
[བཙོག་ ཀླེ་],
[ཨུ་ ལྟས་],
[ཨེ་ ཡིན་],
[སྨྱོ་ པ་],
[སའ་ འགྱོ་ འུ་ ར་],[སའ་][འགྱོ་][འུ་][ར]
[འཕྲིན་ འཕྲན་],
[གཏན་ འཁེལ],
[སྦྲག་ སྲིད་],
[དངོས་ བོ་],
[ཁོ་ ཚོ་],
[ལས་ ཁང་],
[ཁུར་ གི་],[ཁུར་][གི]
[ཉོ་ བཅའ་],
[སེར་ རོ],
[རོ་ བསྐ],
[གེ་ སེར],
[ཁེར་ ཐོག],
[ཨུ་ ཁོམ་],
[ཨུ་ ཁོམ],
[རྫ ས་ ཡས་],
[ཉེ་ ཧྲང་],
[ཧྲང་ མོ་],
[ཀན་ ཉ ས],
[རྩེ་ ལེ་],
[སྦིས་ བཤུར་],
[འུ་ གཉིས་ འ་],[འུ་གཉིས་][འ]
[ཧེམ་ བག་],
[གནའ་ ཤི་ འོ],
[སྐ ས་],
[ཨུ་ ལྟ་],
[འདི་འས་ རུ་],[འདི་འས་][རུ]
[བཀོག་ ནོ་],
[འཛེར་ རུ་],
[ཁྱོད་ འ་],
[ཨུ་ རིས་],
[གོ ་ རེ་],
[དོ་ ནངས་],
[ཨ་བ་ལེ་ བེ་],
[ཨ་མ་ ལེ་ བེ་],
[གོ ་ རེ],
[བདེན་ མོ་],
[ད་ ཡས་],
[སྒོག་ ཐུར་],
[ཡོ་ ཁ་],
[ཀ་ ཏོ],
[མར་ རི་],
[སྒོག་ ཐུར],
[ད་ རུང་],
[དགོ་ རྒྱུས་],[དགོ་][རྒྱུས]
[ས ར],
[ཨུ་ བབ་],
[ངེད་ ཀི],
[རྡོག་ གཅིག],
[ཨུ་ མངགས་],
[འཐེན་ སྒྲོག་],
[གོ་ རེ་],
[གཅུ ས],
[ཤོག་ ར],
[ཨ་ར་པ་ ཙ་],
[བྱིས་ གཉེར་ ཁང་],
[ཁུར་ ཚོ་],
[རྣ་བ ར་],[རྣ་བ][ར]
[ཨུ་ གསར་],
[ཧོ ར་ རེ་],
[ཁྱུ་ ཆས་],
[ཨ་ ཥ་མ་],
[བཤིག་ འས་],
[ཁྱེ་ གི་],
[བསང་ ཁྲི་],
[ངི་ ཟེ་],
[རུ ས་ བ་],
[དེ འི་ འཕྲོ་],
[དག་ འས་],
[འཐུང་ ང],
[ཚག་ རྩིག་],
[ཆད་ ལ་ ཆོད་ ལེ་],
[ཁུ་ རི་བོ་],
[བྱི་ གནས་],
[ཧར་ འགོས་],
[ཨ་ ཐུར་],
[འཁྱག་ ཀ་],
[ཁྱུ་ ཉིས་ འི་],[ཁྱུ་ཉིས་][འི]
[རྔུ ས་ ཆུ་],
[བཞུ ར་ རེ་],
[བགྱའ་ བ་],
[ཆི་ ར་],
[གྲབས་ བ་],
[གཉིས་ འས་],
[སྐྱེ་ ལོ་],
[ལྟག་ ག་],
[ལྔ་ བཅུ་ ལྔ་ བརྒྱད],
[བ་ འུ་],
[ཚིགས་ ཐོག],
[ཆོ་ ར་],
[ལག་ ཁྱག],
[བཅུས་ བཞི་],
[གི་ རིས་],
[ཧ་ མི་ ཚ་],
[འཁོན་ འདྲིས་],
[བདའ་ ཁ་],
[འབི་ གྱི་],
[སྔ་ སེས་],
[མིན་ ནོ་],
[བཤད་ ནོ་],
[ཙོག་ འེ་],
[ཤེད་ ཀི་],
[ཉ་ ཝེ་],
[མེ་ ཤེ ར་],
[ནག་ འེ་ ནོག་ འེ་],
[སུ་ ཆོ་],
[ཚེ་ བསྲ་],
[ཉིས་ འུ་],
[བཅུག་ གཉིས་],
[རྣོ ས་],
[ཐག་ ཀ་],
[དེ འི་ འཕྲོ],
[ཁེ་ དུ ས་],
[ཀ ར་],
[ལས་ སྐ་],
[ཁོས་ མོ་],
[འབ་ བ་རི ས་],
[ཅུ ས་],
[རྒལ་ ནག་],
[མཚེ་ ཐུ་],
[འབུད་ ཀྱུས་],
[ཚ་ ཚིག་],
[རི་ འགོ་],
[ས འི་ གོ་ལ་],
[ས འི་ གོ་ལ],
[སྐྱེས་ བ་],
[གཉོམ་ ལག་],
[ངེ་ཉིས་ འས་],
[སོ་ ལྔ་],
[མདོ་ སྡུ ས་],
[སྲང་ གང་],
[སྲང་ དོ],
[སྲང་ གསུམ],
[སྲང་ བཞི],
[སྲང་ ལྔ་],
[སྲང་ དོ་],
[སྐུད་ ལྭ],
[སྐུད་ ལྭ་],
[ཨུ་ ཐལ་],
[འདའ་ འོ་],
[མ་ ཁོ་],
[ཡོས་ ར་],
[ཡོས་ དེ་],
[ག་ རི་],
[ངེ་ གི་],
[ཁེ་ རེ་མ་],
[ཁོ་ ཁོ་],
[དུ་ ཟོ],
[ཐོན་ རྒྱོ་],
[ཆོག་ རྒྱོ་],
[སྡེ་ ཆས་],
[གློག་ བསོགས་],
[ཐེམས་ ནོ་],
[དྲང་ མོང་],
[ངེད་ ཆོ་],
[སྤྱི ར་],
[ཞོལ་ མ],
[མཚོན་ ན],
[འཆོར་ ས],
[དྲི་ ནག་],
[དམར་ ལྡང་],
[གློག་ བརྡ་],
[ཉིན་པ ར],[ཉིན་པ][ར]
[རྩིབ་ བཀུར],
[ཨ་ ཚོས་],
[ར་ ནུ་],
[བཅུག་ ཚིག],
[ཞེ་ ལོ་],
[པ་ ཟིག་],
[ཁུ་ ཆོས་],
[ཆོད་ དྲ་],
[དུ་ བརྫས་],
[ཁང་ བབས་],
[ཁང་ བབ་],
[བཞི་ ཀོ་],
[རྩ་ འི་],
[ཐུ་ ནས་],
[འདྲོགས་ འ་],
[ཁྱུར་ གེ་],
[ཁོས་ ཡི་],
[ལེ་ འཇོག་ རེ་],[ལེ་][འཇོག་][རེ]
[ཅང་ པོ་],
[སྡེ་ ཆ་],
[ཟླ་ ཚིག་],
[སྐེ་ རྒྱན],
[བྱུ་ རྫུན],
[ཕྲུག་ ལྭ],
[དཀའ་ འི་],
[དུ་ ནི་],[དུ་][ནིི]
[ཧེབས་ དང་],
[ཐོག་ བ],
[ཨ་རོག་ ཆོ་],
[ཆི་ མེད་],
[ད་ སྔུན་],
[ཡོད་ བ་],
[དུངས་ བ],
[བྲག་ བ་],
[ཨུ་ ལྟོས་],
[གནང་ ཉིན],
[དུ་ རག་],
[ཆེ་ རིག་],
[དུ་ ཁ་ སེ་],
[གསར་ རུ་],
[དཀའ་བ ས་],
[ཁ་ ཁོག་],
[བཟའ་ ཚང་],
[ཕོ་ རབས་],
[ཚིག་ ཐོག],
[རྗེས་ ཐོག],
[ཁབ་ སྐུད],
[བཤད་ བ],
[ཐུག་ བ་],
[དཀར་རུ་ མ་],
[ལེན་ བ],
[གནང་ ཉིན་],
[ཨུ་ དྲན་],
[ཁུ་རུ་ མ་],
[རྒྱག་ བ],
[ཇ་ འཁོལ་],
[ཆོག་ བ་],
[ཡུས་ བ་],
[གསེར་ ཁང],
[རོག་ ཡེད་],
[འདེ་ ན་],
[ཨ་ རྐ་],
[ཀོང་ གྲུ་],
[གྱོང་ ཤིང],
[སྒུ་ ང་],
[འདི་ ཁ་],
[སྡུག་ ཤ་ དག],
[ནོར་ རྫི],
[ཞ་ མོ],
[དུད་ ག་],
[བླུང་ བ་],
[ཨུ་ བླུང་],
[མལ་ གསོ],
[ཐེའུ་ འབེ་],
[ཨུ་ ཟེ་],
[གོ ས་ འདག་],
[རྒྱང་ བ],
[ལྟོས་ བ],
[འབུ་ རེ་],
[རྒྱག་ བ་],
[འབྲོག་ རྒན་],
[རྒྱ་ ཐོག་མ་],
[འབྲོག་ སྟག་],
[མགྱོགས་ དཔའ་],
[ཨུ་ ཟོས་],
[ཨུ་ འཐེན་],
[སྒི་ ཤི],
[འུན་ འདྲ་],
[ཨི་ འདྲ འི་],
[ཨི་ འདྲི འི་],
[ཁྱེར་ གྲོགས་],
[ཚགས་ ཆེན་],
[རྐུས་ མ་],
[དམར་ དམར],
[དམར་ དམར་],
[ཨུ་ ཚར་],
[དྲ་ ར་],
[ཨུ་ གྱང་],
[དི་ མོ ས་],
[སྩོག་ རེས་],
[རྐང་ འབོབ],
[རྐང་ འབོབ་],
[རྡོ་ ལུ་],
[ཨུ་ གྱག ས་],
[མགོ་ བསྐོར],
[འདི་ གི་ ར་],[འདི་][གི་][ར]
[ངར་ ཁོས་],
[མོ ས་ རུ་],
[ཧོན་ ལོག་],
[ཡིན་ ནོ་],
[ཆོག་ ག་],
[འདོད་ སྐྱེད་],
[ནངས་ རེ འི་],
[སྔ་ ཟེ་],
[འཇོག་ རྒྱོ་],
[ཧྲག་ འེ་],
[དྲུད་ ལེ་],
[བྱི ར་],
[རྫི་ འུ་],
[ཁུར་ སྒི],
[གསའ་ མོ་],
[ངོ་ ཚིག་],
[ནག་ ལྟིག་],
[འགྱོ་ _  ནེ་],
[ཉོ་ ཤེས],
[ཐོང་ འུ],
[རོགས་ ཡེ ས],
[ཆོག་ ག],
[བསྐོལ་ བཏང་ ང་],[བསྐོལ་][བཏང་][ང]
[ཆི་ སྐྱག་],
[བསམ་ ནག],
[བསམ་ ནག་],
[ཨ་ ནོ ས་],
[ཟེ་ _  ཡེ་],
[ཨ་ ནོ ས་ ཡེ་],
[ཧར་ སོང་ གོ],[ཧར་][སོང་][གོ]
[ཟུང་ འ་],
[བཟོ་ ས],
[ཧེ ས་],
[ཡོ་ གྱོ་ རེ],
[ཨ་ ནོ་],
[ལོང་ རོང་],
[གཡང་ ཚང་],
[རྒྱལ་ བོ],
[གཞི་ འཛིན་],
[རྡང་ མ་],
[ཡ་ ཁུའ་],
[མྱིག་ ར་],
[བརྒྱབ་ བེ],
[ཡིས་ ནོ་],
[ཡིས་ ན་],
[ཞ་ ཡེ ས་],
[ཆུ་ འི་],
[ཤེལ་ ཁང་],
[ཉོ་ ཟེ་],
[ངེད་ ཉ ས་],
[ཨུ་ དོ་],
[ཁྱི་ ཤ་],
[ཁྱི་ ཤ],
[ལུག་ ཤ],
[རོགས་ ཧ་],
[ཁ་ གཙེ་],
[འདེ་ ཤོག],
[ཁུར་ ཀི་],
[བསག་ རྒྱོ་],
[དགའ་ འི་],
[མནའ་ བསྐྱ་],
[རྟ་ རྒྱུགས་],
[གཡུང་ ནོ་],
[མིན་ ཁ་],
[ཆད་ ལེ་],
[ཆི་ བཤད་],
[ད་ སངས་],
[སོ་ བཞི་ འི་],
[དབྱ ར་ རྫ་],
[ཤི་ རེ་],
[ཁར་ ཁུར་],
[ཡོས་ འི་],
[དཀྱོག་ ས་],
[སྔོན་ སོ་],
[ཉག་ འ་],
[ཁྱིད་ དྲ་],
[ཐར་ ར་],
[འཕོང་ ང་],
[རང་ གེ་],
[བསད་ ལེ་],
[རྫ་ ནས་],
[མེད་ དྲ་],
[སྡོམ་ མེ་],
[ཡོད་ ཚ་],
[མུ་ འུ་],
[ཐོན་ ཚིག་],
[ཉིས་ འེ་],
[ཉི་ དང་],
[སུ ར་ འགོ་],
[དེད་ ལེ],
[གླ ས་ ཏང་ ངེ་],[གླས་][ཏང་][ངེ]
[ཉོ་ འུ་],
[འཛུས་ ཏང་ ངེ་],[འཛུས་][ཏང་][ངེ]
[ཞོག་ འེ་],
[འགྲོགས་ འེ་],
[ཡེད་ རྒྱུ་],
[དོགས་ ཧ་],
[འགྲིག་ བ་],
[ཟི་ ཁ་],
[བསྐོལ་ སྐྱེད་],
[གསར་ རྒྱུགས་],
[འགྱོ་ ཆི ས་],
[རས་ཆ ས],
[ཕ་ ལོ],
[མར་ ཀུ་],
[རྒྱ་ རྒན],
[ཆུ ར་ ཀུ་],
[ཧ་ ཡེ་],
[སྒྱོག་ འ་],
[མདོ་ འཛིན་],
[ཀོ་ ཟངས],
[ཕྱེ་ རྫིས་],
[གཅིག་ ཀོ་],
[སྩོག་ ཡས་],
[ཕོ ས་],
[ཅང་ ར་],
[ཧོང་ ཏོང་],
[རླབས་ འཁོར་],
[འཚོགས་ འདུ་],
[ཧད་ ཆེ],
[ཡུན་ རང་],
[ཆུང་ བོ་],
[འཐུང་ ཆུ],
[ཆུ ར་],
[ཁ་ ཧྥས་],
[ག་ས ར],
[ཆི་ འི་],
[དམར་ ཐོ],
[གློ་ གཟུ་],
[ཡེད་ གྲོགས་],
[ཁ་ ཡུག],
[ཧུད་ ས་],
[ཐོན་ དྲས་],
[ཅང་ ཟིག་],
[ཞོག་ རེ་],
[ཁ་ ཟི་],
[བཟུང་ ཡེ་],
[བཤད་ ལ་ ཐོང་],[བཤད་][ལ་][ཐང]
[མེད་ རེ་],
[ངུ་ ཆོ],
[ལྷུང་ ངེ་],
[ད་ ཕྱི འི་],[ད་ཕྱི][འི]
[ཡོད་ དྲ་],
[ཁུ་ སྒེ ར་],
[བགད་ ལེ་],
[རང་ ག་],
[ཁོས་ འི་],
[སྣོག་ ཀྱིན་],
[དངོས་ སྦྱངས],
[ཆེད་ ལས],
[སྡིགས་ ཁི་],
[ད་ མོ་],
[འདོན་ ནོ་ ཆ་],[འདོན་][ནོ་][ཆ]
[ཁྱུང་ ཆུ],
[གྱ་ ཆུ་],
[ལྔ་ ཆུ་],
[གྱ་ ཆུ],
[ལྔ་ ཆུ],
[བདུན་ ཆུ],
[མྱང་ ཡ་],
[བསྒྱིག་ དགོ་],
[སྡེ་ ཟིག་],
[རླབས་ རྒྱག],
[མག་ ཧ ས་],
[གྲ་ སྒྲིགས་],
[ཁ་ ཉིས་],
[དངུལ་ སྒོ་],
[ཁེ་ མིག་],
[སྦྱིན་ ར་],
[བཀའ་ ཆི་ ཆེ],
[ཁེམ་ མིག་],
[ཕྱི་ ཉ་],
[འུ་ ཟེ་],
[མཆོ་ ཙི ས་],
[ཡུག་ ན་],
[ཧེ་ མིག་],
[བརྒྱ་ བོ་],
[གོམས་ སྲོལ],
[ནང་ སྐ་],
[ལོངས་ ང་],
[ཐོང་ _  ང་],
[རྒོ་ རྒྱུ་],[རྒོ་][རྒྱུ]
[ཉི་ ཀ་],
[ལང་ ངེ་],
[མོ ས་ འུ ས་],
[དགུ་ འགྱིག],
[ལྟ་ ཁ་],
[ཆིག་ འགྲིག་],
[གཅིར་ བཏང་],
[བསད་ ལས་],
[བདུད་ བྷེ],
[ཟེ་ འ],
[ཅང་ འ་],
[བཀྱུ་ སྤྱད་],
[ཁྱོད་ ཆོ],
[ཧལ་ པ་],
[ཡེད་ སྤྱད་],
[སྤྱད་ ཀོ་],
[ག་ ཚ་],
[ཤེས་ ཀི་ར་],[ཤེས་][ཀི་][ར]
[དྲང་ གནས་],
[ཡག་ མོ་],
[རིང་ བོ],
[ནག་ རྡང་],
[དཀར་ རྡང་],
[རྐང་ ཚ་ རྫོང་],
[ངོ་ བརྒྱ་ པ་ལ་],[ངོ་][བརྒྱ་][པ་][ལ]
[འདྲེ་ རྒན་ མ་],
[ཟེར་ གི་ ར་],
[དི་ མོ],
[མི་ སིམ་],
[འཐེན་ ད་],
[མི་ སིམ],
[རེ་ གསུམ་],
[མི་ བ],
[རྭ་ ཆོ་],
[འཁྱག་ ཧ་],
[སོ་ མ་],
[ཐེ་ མོ་],
[བར་ འཁྱམ་],
[འདི་ སང་],
[འདི་ ཚ་],
[ཟེར་ ཁ་ ཡེད],
[ཆི་ ཙ ས་],
[གཏེད་ ས་],
[ཧང་ ན་],
[འུ་ ཆོས་],
[སྐྱལ་ ཏོན་],
[ཏོང་ ད],
[སྐྱག་ ར་],
[ལྭ་ རྐྱང],
[ཟིང་ ལང་],
[འདི་ ཆས],
[ཇེ་ མང་],
[བུད་ སྨད],
[འུ འི་],
[ལོ་ ལོན་ ཆས་],[ལོ་ལོན་][ཆས]
[ཐང་ ཆུ་],
[སྐོར་ ར ས་],
[སྒང་ ལི་],
[འདི་ ཡ་],
[རོག་ གོ་],
[ཤོག་ འ],
[བཅས་ ཡེ་],
[གཉིས་ ང་],
[ལྡུག་ སྤྱད་],
[རྒྱ་ བླ་],
[ཤོབ་ རྐྱལ],
[འདི་ སོ་],
[གནམ་ ནང་],
[ཉིས་ ང་],
[ཞྭ་ ཐོ་],
[ངུ་ ཧུ་],
[ཨུ་ ནས་],
[སྨུག་ ཀ་],
[ཚོད་ ཐོ་],
[ཧོང་ ཐོང་],
[གློས་ མོ་],
[ཁྱོ་ ཆི་],
[ཁ་ རུག་],
[བསྡད་ དྲ་],
[ཧ་བོ་ ལེ],[ཧ་བོ་][ལེ]
[ཟོག་ འ་],
[ངང་ བ],
[དགོ་ མོ],
[ཟེར་ ར་],
[ཨ་ཧ་ བོ་ ཡ],[ཨ་ཧ་བོ་][ཡ]
[ནོ ར་ རྒན་ ཆོ་],[ནོར་][རྒན་][ཆོ]
[ཐེངས་ མཚམས་],
[ཇེ་ མགྱོགས],
[ཁ་ འོ་],
[ཟིག་ -འ་],
[ཇེ་ མང་ འ་],[ཇེ་མང་][འ]
[འོ་མ་ ར་],[འོ་མ་][ར]
[ཟུ ར་ ཀ་],
[ཆི་ ཡེད་ དགོ་],[ཆི་ཡེད་][དགོ]
[ཁ་རོག་ བ་],[ཁ་རོག་][བ]
[ཧུད་ ཀི་],
[ཨིན་ ཧུན་],
[ཨི་ ལྷ],
[ཇ་ སྲུ་],
[ཁ་ ཞག་],
[ཇ་ འཐུང་],
[ཇ་ ལྡུག་],
[ཇ་ སྲུ],
[མངའ་རིས་ སྐོར་ གསུམ་],
[ཨ་ དབྱངས་],
[ཆོག་ འ་],
[གཤོབ་ རྐྱ་],
[སྡེ་ ཆོས་],
[ཐོ་ རི],
[ཟི་ ལིང་],
[འདག་ ཕྱིས་],
[ཚ་ འུ],
[སྲུབ་ ཟིན་],
[སྲེག་ འ་],
[བདེན་ གར་བོ་],[བདེན་][གར་བོ་]
[སོ་ འདེབས་],
[ཁྱུར་ ཆེ་],
[བསྡུས་ ཏང་],
[སྲི་ མོ་],
[མྱེ་ སྒོ་],
[སྲི་ མི་],
[སྲུབ་ ཟིན],
[ཞོགས་ ར་],
[ཆོག་ ར་],
[བསྩོག་ འས་],
[ཧན་ ཐོག་],
[གཡོར་ གོ་],
[བྱིས་ ཏང་],
[འདང་ ས་],
[ངེད་ ཁེ་],
[འདི་ རུ ས་],
[རྩག་ ལེན་ གྱི་ བོ་],[རྩག་][ལེན་][གྱི་][བོ]
[དུ་ རིམ་ ཟིག་],[དུ་][རིམ་][ཟིག]
[རྩེ་ སྡོད],
[ཆིག་ འས་],
[བརྒྱབ་ ས་],
[བརྒྱོབ་ བ],
[བཏང་ ས་],
[དུ་ རྫ ས་],
[ཏོང་ གོ་],
[འགྲིག་ རེ་],
[ས་ ལྟ་ ཡུག་ ལྟ་],
[ཡེད་ ཁ་],
[ཡ་ རྫ ས་],
[ཐོང་ གོ],
[བསྩོག་ འ་],
[བག་ པ་],
[བག་ སྐྱི་],
[ལྡ ར་ ར་],
[ཧང་ བཞག་],
[ཤེས་ འོ་],
[ར ས་ ལན་],
[བཟོ་ སོས་],
[སྲུབས་ རྒྱག་],
[ལུག་ ཏོང་],
[ཨུ་ བོ་],
[སྤོ་ལངས་ ངས་],[སྤོ་ལངས་][ངས]
[བལྟས་ ལས་],
[བགད་ ལས],
[ཀོ་ མོ ས་],
[ཉིན་ གར་],
[མགྱོགས་ མོ་],
[ཚར་ དྲེ་],
[དུ་ ཟེ་],
[སྲི་ མོ],
[མེད་ ཤོས་],
[ཟེ་ འགྲེ་],
[ཆི་ _  ཟེ་],
[ཞ་ ཞུ],
[སྡུག་ ཏང་],
[དེ་ ཡེ ས་],
[མཛུབ་ སྐྱི ས],
[ཁྱོ་ སྒོ་],
[འགྱོ་ ར],
[ལུ་ འོ་ ཁུ],
[ཨོང་ འགོ],
[ཁབ་ ཚག་],
[གཉོག་ འས་],
[ཚོ་ བ་],
[ཞི་ ལེ],
[ངོ་ཚ་ འུ],[ངོ་ཚ་][འུ]
[ཁབ་ ཚེག་],
[ཡེད་ གྱོ་],
[ཁབ་ རྒྱག་],
[བཟོ་ ས་],
[བག་ ས་],
[ཙེ ས་ ཙེ ས་],
[མྱིང་ ཙམ་],
[ནུབ་ ཚ་],
[འཇབ་ བ],
[ཁེན་ ཚ་],
[བཞག་ དང་ ང་],[བཞག་][དང་][ང]
[ཚར་ ལེ་],
[བཅའ་ ས་],
[ཏང་ ངས་],
[བསྙ་ ཡས་],
[བསྐྱར་ དང་ ང་],[བསྐྱར་][དང་][ང]
[བརྟེན་ དང་ ངས་],[བརྟེན་][དང་][ངས]
[སྒྲ་ དུང་],
[བརྒྱབས་ དང་ ངེ་],[བརྒྱབས་][དང་][ངེ]
[ལྟ་ གྱི་ བོ་],[ལྟ་][གྱི་][བོ]
[གྱི་ ངན་],
[འགུས་ འུ་],
[གྱི་ ཚེག་],
[ཡེ ས་ བཏང་ ངེ་],[ཡེས་][བཏང་][ངེ]
[བྱེ་ དང་],
[སྨྱས་ _  ཡོ་],
[རྒན་ མེ་],
[གཉིག་ བརྡ་],
[སྩིབ་ བ་],
[བསྡད་ དང་ ངས་],[བསྡད་][དང་][ངས]
[འཚོགས་ འས་],
[ལག་ མོ་],
[ཧོ་ ཁྱི་],
[དཔལ་ ལོག་ འ་],[དཔའ་ལོག་][འ]
[བཙའ་ འུ་],
[བརྒྱུག་ འས་],
[བརྒྱབས་ བ],
[ཤེས་ འོ],
[ཧྲ་ མོ],
[རྩོབ་ གོ་],
[མ་ རེ་],
[བཟོ་ ཡེ་],
[དུ་ བྱེ་],
[སྡང་ གྱི་ བོ་],[སྡུག་][གྱི་][བོ]
[ཡོང་ ཁ་],
[བལྟས་ ཡས་],
[སྐྱབས་ བཏང་ ངེ་],[སྐྱབས་][བཏང་][ངེ]
[འགྱོ་ འོ་],
[ཧ་བོ་ མ་],[ཧ་བོ་][མ]
[ཧུ་ ཐོ་],
[སྔ་ འུ],
[དོ་ འུ་ ཡོ་],[དོ་འུ་][ཡོ]
[ཁྱུ་ ཉི་ འས་],[ཁྱུ་ཉི་][འ][ས]
[སྔ་ སེ་ འུ་],[སྔ་སེ་][འུ]
[ལག་ ངོ་],
[ཧུད་ དང་ ངེ་],[ཧུད་][དང་][ངེ]
[འབྲི་ རྒན་ ཆ་],[འབྲི་རྒན་][ཆ]
[བཞེ་ ཡེ་],
[སྐྱོན་ མེ་],
[ཤེས་ ཀྱོ་],
[གོ་ འུ་ ར་],
[ན་ འེ་],
[ནག་ འེ],
[ཟས་ ཡེ ས་],
[ཤུན་ འབབ་],
[ཁྱེར་ ས་],
[ཙུ་ འུ་],
[ངི་ ཉི་ འས་],[ངི་ཉི་][འ][ས]
[བཟུང་ དུ ས་],
[ཤི་ འུ་],
[སྡེ་ གུ་],
[ཁ་ སླ་ འུ་],[ཁ་][སླ་][འུ]
[འགྱོ་ ཡེ་],
[བུད་ ཏོང་],
[ལྐུང་ ངོ་],
[ཡོ་ དྲ],
[འཕྲིལ་ ཁྱོག་ འ་],
[ལྕགས་ ལྐོང་],
[བཞག་ དང་ ངེ་],[བཞག་][དང་][ངེ]
[ཡིན་ དྲུ ས་],
[སྣ་ འཆམ་],
[ཐུག་ འ],
[འུ་ ཟེ ས་],
[ངི་ ཙི ས་],
[རྫ ས་ ར་],
[བཟས་ ཡེ་],
[ཡེ ས],
[འགྲོས་ བ་],
[བར་ ཚིག་],
[བརྒྱོབ་ བ་ ཏོང་],[བརྒྱོབ་བ་][ཏོང་]
[ཞུབ་ བ],
[འབྲིན་ སྨན་],
[ཐེངས་ གཉིས་],
[ཤ་ ཧང་ ངེ་],
[ཧ་ རུ ས་],
[འབར་ རེ་],
[ཧང་ དང་ ཐ་],[ཧང་][དང་][ཐ]
[ཧུ ས་ ཡེ ས་],
[ལོང་ ང],
[ཏོང་ ང་],
[སོང་ རུ ས་],
[སྔུ་ ན་],
[ཞ་ ཞེས་],
[རྒྱུག་ དང་ ང་],[རྒྱུག་][དང་][ང]
[བརྫས་ ད་],
[སློང་ གྲུ],
[སྐྱག་ 425 18],
[དམག་ ལྷམ],
[ཧ་ སྔོན་],
[འུ་ རིས་ ཆི ས་],
[ཨུ་ ཟ་],
[ཅི་ ཡིན་],
[བཏགས་ ཁྱི],
[ཐོབ་ དཔང],
[ལག་ ཁྱི་],
[གསོག་ བྱེད],
[གསོ་ རོག་],
[ཁུ་ དྭངས],
[ཁུ་ དྭངས་],
[སྤྱོད་ བ],
[བཅིབ་ བ],
[འཇོག་ ས],
[ནག་ རོ་],
[རྫོས་ དྲ་],
[ཁ་ ཉོག],
[ཁ་ ཉོག་ མ],
[སོ་ ཉོག་ མ],
[བདག་ གོ ་],
[ཕྱེ་ ཐོ],
[ཕྱེ་ ཐོ་],
[ཤོར་ ར],
[དང་ བ་],
[བྱ་ ཐོ་],
[ཤེལ་ མྱིག་],
[རེ འི་ ཚེ ར་],
[ཉ ས་ ཁྲི་],
[བལྟ ར],
[ཤེད་ ཆེན་],
[ཤེད་ ཆེན],
[སྐམ་ ཆུ་],
[ཁོ ར་],
[ལྗི་ འི་],
[ཙི་ འ],
[དཔར་ རོགས],
[འུ་ ཆ],
[ཁྱེད་ ཉི་],
[ཁྱེར་ ར ས],
[མྱི་ དམངས་],
[བར་ ཚིགས],
[དུ་ ཆ འི་],
[ལྭ་ གོན],
[ཁྱེད་ ཆས],
[མཐ ར་ ཕྱིར་],
[སློབ་ གཙོ],
[ཐེ་ ཚིམ་],
[དེ་ ཆོ],
[པ ས],[པ][ས]
[ཁུར་ རུ་],
[ཚར་ རེ་],
[མྱེ་ ཁ་],
[གསོ་ སྐྱེད་],
[ཡོང་ རག་ གོ་],[ཡོང་རག་][གོ]
[ཧྲ་ ཀི་],
[མྱེ་ བགོ་ སྐྱེད་ གོ་],
[དུ་ འ ས་],
[སྟག་ཤར་ ར],
[སང་ ནང་],
[འཛིང་ ཧ་],
[མ་ ནི་ དུང་],
[རྩ་ མོ],
[སྩོག་ བ་],
[ཧྲོ་ བ་],
[འདེ་ ནང་],
[སྡུད་ ས],
[དགོངས་དག་ ཞུ],
[སྐབས་ རེ་],
[སྐབས་ རེ],
[རྡུལ་ མ་],
[བསྒྱིག་ རྒྱོ་],
[ལག་ ལྡབས],
[ད་ ས་],
[བརྒྱ་ ར་],
[མྱང་ ར་],
[ཕྱག་ མཚའ་],
[ཀ ར་ རོ་],
[རྟ འི་ ལུ་],
[ཕྲེང་ ང་],
[སྐྱེས་ ལོ་],
[ཐོབ་ དབང],
[ཚེས་ གཅིག],
[དེ་ བཞིན་],
[བཤེགས་ པ་],
[རྟག་པ ར་],[རྟག་པ][ར‘]
[སྐ ར་],
[བཤག་ བཅོས],
[ཀ་ སྐོར],
[བཤག་ བཅོས་],
[ཉོང་ བོ་],
[བསྐུར་ རོགས],
[དགེ་ བསྒྲུབ་],
[གླང་ ཀ་],
[གསར་ བོ],
[ཨ་ ཐར],
[ཆོས་ འཚོགས],
[ཉིན་ ཀ ར་],
[ཕལ་ཆེ ར],
[དུ་དུ ས],
[ཐ་ ཚོ],
[འབྲས་ ལྡུར],
[དྷི་ རི་],
[ཛྲ་ ཡ་],
[མི་ ཁེ་],
[སོ་ ཧ],
[ཚེས་ གཅིག་],
[ལུང་ ར་],
[དུ་ བྱས་],
[དྷེ་ ཝ་],
[ཁོང་ ཉ་],
[རྒན་ གསོ་ ཁང་],
[དུ་ ནས],
[ཞག་ གང],
[ཁྱིད་ ར ས་],
[ཁྱིད་ ར་],
[ངོ་ རྫོགས་ དང་],[ངོ་རྫོགས་][དང]
[ཡིས་ བཞག་],
[བཅའ་ ཁ་],
[ཧ ས་],
[སིལ་ ཁུ་],
[ཧྲ་ ཁ་],
[ནག་ ཐོ་],
[ལས་ བྱེད་],
[དུམ་ ཕྲོ ས་],
[པ་ པུག],
[འབྲེལ་ འདྲིས],
[བྱེད་ ར་],
[དང་ སང་],
[ཁོས་ ཡས་],
[ཆད་ ལ་],
[ཆད་ ལ],
[སྐྱག་ ཐོ],
[འབུག་ རེ་],
[ཤི་ རིས་ ཡེད་],
[དེ་ སོ་],
[ཁོས་ རྒྱོ་],
[འདི་ རོ་],
[ག་ར་ གོ་རེ],[ག་ར་][གོ་རེ]
[ཙིའུ་ ཟིག་],
[རེ་ ཡ་],
[བླ་ བཙགས],
[ཁེར་ བ ས་],
[ཆུང་ བོ],
[ཁེར་ ར ས་],
[བ་ ཁ],
[ལམ་ ར་],
[སྔོ་ རེ],
[དགའ་ ས་],
[ཡོས་ ཕྱོགས་],
[རྫང་ ང་],
[ནུབ་ ཆུ་],
[ཀ་ ར་],
[ཕྱིར་ འ་],
[ཡག་ ཧོ་],
[ངོ ར་],
[བཞོག་ གི་],
[ཧར་ ཆན་],
[ཁོ་ ཆ་],
[སྟེར་ ར],
[ཁྱག་ ག],
[ཉི་ འུ],
[ཧུ་ འ],
[འདི་ འུ ས],
[གླུ་ བ་],
[འཛོས་ ར་],
[སྐྱིད་ ཕོ་],
[དཀྱིས་ གུམ་],
[རྡོག་ རེ་],
[འཇིག་ འ་],
[འཐུ ས་],
[ཞ་ ཞེ],
[སྐྱག་ འས་],
[ངམ་ ནག་],
[ཨོང་ གོང་],
[དེང་ མ་],
[ཧང་ _  བཏང་],
[དྲིས་ ཇ་],
[བསྣུན་ བཏང་],
[ཐུགས་རྗེ་ ཅན་],[ཐུགས་རྗེ་][ཅན]
[བུད་ བཏང་],
[ངུ ར་ ཆོ་],
[ཨ་ ཁུང་],
[སུམ་ ཆེས་],
[ཁ་རོག་ གེ་],[ཁ་རོག་][གི]
[ང་ ལྔ་],
[ཧ་ ཐུ ས་],
[ནང་ ཉིན་],
[མཚ ར་],
[ལོ ས་ རྒྱུས་],
[ཁོ་ དུ ས་],
[ཕྲུག་ འུ་],
[དྲེད་ ཕྲུག་],
[རུམ་ ཡེ ས་],
[གཟའ་ བ་],
[དུ་ འདྲ་],
[ཇ་ བསྐོས་],
[ཁྱུ་ ལྟོས་],
[འདོན་ རོ་],
[རི་ ཁག་],
[སྡོམ་ མ་],
[ཆོས་ ཞུ་],
[འོད་ མཚན],
[འཕྲིན་ ཕྲན་],
[ཁུར་ ཅོང་],
[ཁུ་ སྟོང་],
[ཧྲང་ ཐོག་],
[བདག་ བྱས་],
[མོང་ ངོ་],
[ཕོ་ ས ར་],
[མོ་ ས ར་],
[ཧོང་ ཨོ་],
[ཁ་ རྩ],
[ཉ་ ས],
[ཁྱོ ས་ ར་],
[ལྡེ་ མྱིག་],
[སྡེ་ འ་],
[རེའུ་ མིང་],
[རེད་ བ་],
[རྟོག་ དཔྱད་],
[སྒོ་ རྒྱག་],
[དྲ་ ཟིག་],
[པཎ་ ཊི་ཏ],
[ཚོགས་ ཐུན་],
[དགོན་ མཆོད་],
[མདུན་ ཕྱོགས་],
[གཡོ་ ནད་],
[སོ་ བདུན་],
[སོ་ བརྒྱད་],
[སོ་ དགུ་],
[འཆར་ ཡོན་],
[སྒོ་ ཕྱེ],
[སྡོད་ ག་],
[སྡོད་ བ],
[ཧོང་ ཡས་],
[མགོ་ གཙོ་],
[སྲང་ མོ],
[ཁེར་ ཆད],
[དཔྱིད་ སྲུང],
[ད་ རུག་],
[འདག་ ཁུ་],
[གཤེ ར་],
[ཡོས་ ནས་],
[སྲབ་ བོ་],
[རྒྱོབས་ བ་ ཐུང་],
[སྤོ ར་ དྲ འི་],
[ཁྱ་ ལོང་ མ་],
[རྡུང་ རྒྱོ་],
[མགོ་ བཀའ་ ཏང་],[མགོ་][བཀའ་བཏང]
[ཨུ་ ཡོད་ དྲ་],[ཨུ་ཡོད་][དྲ]
[ཡོང་ ནོ],
[ཨི་ འཕངས་],
[དེ་ འོང་],
[ཐོན་ དྲ འི་],[ཐོན་དྲ][འི]
[ཨི་ བཤད་ ཐ་],[ཨི་བཤད་][ཐ]
[གཅིག་ ཧོ],
[རྐང་ རུལ་],
[ཆིག་ ཟེ་],
[ཆི ར་ ཡིས་],
[ཧ་ ཐུ་རེ་],[ཧ་][ཐུ་རེ]
[ལག་ སྐྱོར་],
[ཨ་ ཐར་],
[མྱི་ དང་],
[སྐུ་ བརྒྱུགས་],
[ཞིག་ འུ་],
[བགྱིག་ འེ་],
[ངེ་ ཆས་],
[ད་ ད་ ད་],
[ཤ་མི་ ཚ་],
[ང འི་ ཙེ་],
[ཙིག་ འས་],
[བཞུ ར],
[ལག་ ང་],
[མེད་ དྲ འི་],
[ཟེར་ དྲ],
[མྱེ་ ཟི་],
[དྲག་ རྒྱོ་],
[བྱིན་ ཏང་ ནོ་],
[རྒྱ་ ཐོ་ མ་],
[སྒྱིད་ ཐག་],
[དེ འི་ ཁོའུ་],
[འདྲ ས་],
[ཕྲ་ བུ་],
[སྒྱིད་ ཐག],
[དཀར་ རོལ་],
[གློག་ རྫ ས],
[རྒྱ་ ཁོ་ མ],
[རྒྱ་ ཁོ་ མ་],
[ལུག་ ཆ་],
[ཁྲོམ་ མོག་],
[སྤྲུ་ སྐུ་],
[ཕྲ་ བོ་],
[བཙོག་ ཧ་],
[གླུ་ དབྱབས་],
[མོ་ བཏབས],
[ཁ་ ཉ],
[ཆི་ རྫ ས],
[དགོ་ ཁ་],
[ཧར་ རེ་],
[རྒྱག་ སྐྱེད་],
[སྐམ་ མེ་],
[ཨུ་ གོ་ འི་],[ཨུ་གོ་][འུ]
[མགོ་ བཀྱུ་],
[འདི ས་ མོ],
[སྐྱ་ འི་],
[སྐོན་ རྒྱོ་],
[རྙས་ མགོ],
[ཁྱུ ས་ ར་],
[མྱིག་ ཚུམ་],
[ཁྱུ ས་ འོ་],
[བཀྱུ་ འུ་],
[ཞོག་ ར་],
[བཀྱུ་ སྐྱེད་],
[སོ་ བཀྱུ་],
[བརྩབ་ བེ་],
[སང་ ཀི་],
[བ་ འི་],
[ཡོད་ དྲ འི],[ཡོད་དྲ][འི]
[གན་ ཀི་],
[ག་ འི་],
[སོང་ གོ་],
[བཙོང་ རྒྱོ་],
[ལངས་ ནོ་],
[ཡེ ས་ ཏང་ ངེ་],
[རྒ་ རྒས་],
[ཁུར་ ཆས་],
[ཁྲི ས་ སེ་],
[ཁོ་ ཆོས་],
[སྩོག་ ས་],
[མི་ ཚིམ་],
[ཡུན་ གི་],
[མ་ལ ས],
[རོག་ ཟི་],
[ཨུ་ བྱུང་],
[ཆབ་ ར་],
[འགྱོ་ དགོ་ འགྲེ་],[འགྱོ་][དགོ་][འགྲེ]
[ད་ ཐངས་],
[མྱིག་ བཙུམ་],
[ཧུར་ ར་],
[ཧར་ སུར་ར་],
[ཉིས་ བརྒྱ་],
[ཉིས་ བརྒྱ],
[རིལ་ ལུ་],
[སྨན་ སྐྱ],
[རྫ་ ཡ་],
[ཉིན་ ཚིག],
[ཧྲ་ མོ་],
[ཙིས་ ཙ་],
[ཟ་ འཕྲུག་],
[ཁྱི་ ངན],
[ཚགས་ དཀའ་],
[དོགས་ ཟབ],
[ཡེད་ ཆི ས་],
[ཡེད་ ད ས],
[ཁེ ས་ བུ་],
[ཚ་ རི],
[ཆི ས],
[འགྱིག་ ཀྲུམ་],
[ཁྱེད་ ཆོས],
[འདི་ཆོ ས],
[ཨ་རོ་ ཆོ],
[ཆི ས་ ཟིག་],
[ཚབས་ ཆེན་],
[རོང་ བ་],
[བྱུང་ རྒྱོ་],
[སྔགས་ མ],
[དཀར་རུ ས་],
[ཁྱེད་ ཆ],
[ཁྲ་ཐིག་ ཐིག་],
[འོ་ ཡ],
[རྩེ་ རྩེ་ དེད་],
[ཆེ་ འུ་],
[ཐུག་ ནི་ འོ་ དུ་],
[དི་ ཚང་],
[དེད་ འ་],
[ཨུ་ ཐོག་ འ་],[ཨུ་ཐོག་][འ]
[ཐུག་ ནི་ འོ་],
[ཐོག་ ར་],
[དི་ མོ་ འདྲ་],[དི་མོ་][འདྲ]
[ཨུ་ འུར་],
[འགྱོ་ རེས་],
[ཨུ་ འགྲུབ་],
[ངེ་ འུ་],
[སྦྲང་ བརྩི་],
[ལྕ་ ཚལ་],
[འདྲུད་ ཕྱིས་],
[ཚོང་ བ་],
[འདྲུད་ ཕྱིས],
[ཉིན་ འབྲུ་],
[མ་ ཡུམ],
[ཀན་ ཀི],
[ཐུང་ རྒྱོ་],
[ལོངས་ ར་],
[བབས་ ཚིག་],
[ཁ་ ལི་],
[བང་བ ར་],
[དྭ་ བུ་],
[འདི་ འ ས་],
[མི་ གོ་],
[འདི་ མོང་ ཟིག་],[འདི་མོང་][ཟིག]
[ཁ་ཚ་བ ས་],[ཁ་ཚ་][བ][ས]
[ད་ཆ ས],
[ཨུ་ སྐྱག],
[ཤོབ་ བཤད་],[ཤོབ་བཤད]
[འུ་ ཁག་ ཉིས་],[འུ་ཁག་][ཉིས]
[ཧོག་ གི་],
[མ་ ཤེས་ སུ],[མ་][ཤེས་][སུ]
[མ་ ཡོང་],
[ཆི་ ཡེ ས་],
[ཁུ་ ར་],
[མ་ ཡིན་],
[ག་ ཟིག་ འ་],
[འུ་ འི],
[ཆི་ཟིག་ དགོ་],
[དུ་ ད་ དུ],
[བསྐོར་ -ར],
[མི་ ཡོང་],
[ཧོ ར],
[ཕྲ་ འོ་],
[ཕྲ་ འོ་ ཟིག་],[ཕྲ་འོ་][ཟིག]
[ཧྲ་ མོ་ ཟིག་],[ཧྲ་མོ་][ཟིག]
[དྲུག་ བཅུ་],
[ཏོ ས་],
[ཏོ ས།],
[འཕྲལ་ སེར་],
[སུམ་ཅུ་ རྩ་ ལྔ་],[སུམ་ཅུ་][རྩ་ལྔ]
[ག་རེ་ ལ་],[ག་རེ་][ལ]
[ཧ་ འོ་ན་],
[འུ་ཉིས་ ཀ་],
[འདར་ ར་],
[འདོར་ རེ་],
[མ་ གཏོང་],
[བཤད་ ལུགས་],
[ལུང་ བ],
[བ་ ནི་],
[འདྲེ་ རྒན་],
[འདྲེ་ རྒན],
[འདེ་ ཡེད་ རྒྱུ་],[འདེ་][ཡེད་][རྒྱུ]
[སུ་ ཡིན],
[ཉི་ཤུ་ རྩ་ ལྔ་],[ཉི་ཤུ་][རྩ་ལྔ]
[མང་ རོ],
[ང འི་ ཉིས་],
[དགའ་ བསུ],
[ཁ་ རྩིག་],
[རྣ་ གཞི་],
[ང འི་ ར་],
[འདི་ རེ],
[སྒུག་ ར་],
[ཨོང་ མགོ་],
[ཨོང་ མགོ],
[གུ་ ལིས],
[ཁ་ མ],[ཁ་མ]
[ཨ་ཡོ་ ཡོ],
[འདྲེ་ ཕོ],
[འོ་ ཧེ ར་],
[ཁ་ བྲལ་],
[ན་ ཆུང་ངུ་],[ན་ཆུང་][ངུ]
[ག་ ཞད་],
[ཨོང་ འཕོངས་],
[ཨོང འཕོངས་],
[སོང་ ར ས],
[རེ་ དྲུ],
[རེ་ དག],
[དོན་ གཅི],
[ག་ སད་],
[གསུ ར་],
[གངས་ ལྷ་],
[ཁུར་ མ་],
[རོགས་ འ],
[རྭ་ འགོ་],
[ཧོ ས་ འས་],
[རི་ འགེ་],
[འདི་ས་ ཚ་],
[བོབ ས],
[ངི་ ཉ་ འ་],
[ཆ་ ཀ་],
[རྩེ་ སྤྱད་],
[ཏིང་ ཏང་],
[ཁ་ཕྱེ],
[ཤ་ མོག་],
[ཤ་ མོག],
[ངེད་ཆ],
[ན་ ནིང],
[ན་ ནིང་],
[ཁྱེད་ གཉིས་],
[ཆི་ ག་],
[ཀུན་ ལུས],
[རྒྱུག་ བ་],
[ཇེ་ བ་],
[ཧོ ས་ གི་],
[ཁྱོ་ ལུ་],
[ན་ཟླ་ ཚོ],[ན་ཟླ་ཚོ]
[རྩིས་ འཕྲུལ],
[སྐུད་ མེད་ དྲྭ་],
[ཨ་ལེ་ ལེ་],
[ཤེས་ བ],
[སུ ར་ འ་],
[དུ་ འ་],
[རེད་ འ་],
[མ་ འདུ ར],
[ཆད་ བ་],
[ཨུ་ ཚོར་],
[གར་ ཆུང་],
[རྒྱག་ ཁ],
[རྒྱག་ ཁ་],
[ཡིན་ བ་],
[ཁུར་སྒེ ར་],
[ཡེད་ ཐོང་],
[ལ ར་],
[ཡོད་ དྲུ ས་],
[ཡི ར་],
[གཤོབ་ བཏབ་],
[ཞྭ་ འཇོག་],
[ཁྱེད་ ཀ་],
[འདྲ་ མོ],
[འདྲ་ མོ་],
[ཆར་ ཤག་],
[དོན་ འགྲུབ་],
[ཁ་ བུ་],
[མེད་ དྲུང་],
[སྲེག་ མ་],
[སྲེག་ མ],
[ཞོག་ མངར་],
[ཚོ་ ལྟིག་],
[སོང་ ཚིག་],
[མདའ་ ཕྱེ],
[བོབ ས་],
[བང་ སྒྲིག་],
[ངེད་ གཉིས་],
[དགོ་ ཁུ],
[འགྲན་ འདུ ར་],
[དགོས་ བ་],
[མིན་ ཚིམ་],
[སྐྱབས་ བ],
[འཇུབ་ བ་],
[ལ་ འུ་],
[ཆོག་ བ],
[ཨུ་ འགུ་],
[དེ་ རུ་],
[གཅེན་ རུ་མ་],
[དུ་ མི་],
[ཧོང་ བོ་],
[རྫ ས་ འགྱུར་],[རྫས་འགྱུར]
[ནུས་ བ་],
[བརྙན་ ཐུང],
[དགོད་ ཁ་ སྩོང་],
[ཡག་ ཀ],
[བཀོད་ སྤྱོད],
[ཚ་ དམ་],
[སྐུ་ པ ར་],
[ཁ་ མ་ གཙེ],
[རྐང་ ཚིག],
[ཏོང་ ད་],
[ཆོས་ བཞི],
[ཁྲུང་ ཏུའུ་],
[རྐྱལ་ རྐྱལ་],
[གོ་ ལུགས་],
[ཕྱག་ མཚལ་],
[གལ་ ཆེན་],[གལ་ཆེན]
[ཆི་ འདྲ],
[ཨུ་ འདོན་],
[ཨུ་ ཁ ས་],
[མ་ ཀུ་],
[རོག་ བ་],
[འོ་ ཙིག་],
[འུ་ འི ས་],
[ཟུ ར],
[གཤིབ་ བསྡུ ར་],
[ངེ་ ཉིས་],
[རྫོང་ ཐང་],
[བཀལ་ ཐུང་],
[བཀལ་ ཐུང],
[ཨུ་ ཙི ས],
[ཐུགས་ མཆོག་],
[ཁ་ གྱང་],
[རྩིས་ དྲུག་],
[ངོ་ ཡིས་ མ་],
[དོ་ ཚུགས་],
[ཁྱ་ རིས་],
[ར་ འགོ་],
[དུ་ འཕྲོས་],
[ཁྱུ ས་ ཏོང་],
[སྐྱག་ ག་],
[བརྩང་ ངེ་],
[དགོས་ རེ་],
[སྒྱིག་ ནོ་],
[སེར་ ཁྱ་],
[དཔར་ ནོ་],
[རྒྱོབས་ བ་],
[དཔར་ ཏང་],
[དཔར་ རེ་],
[ཧུང་ ངོ་],
[ཆུ་ ཡེད་ ཁུ་ ཡོད་],
[ཉོ་ རྒྱུས་],
[མི་ རུང་],
[རྐང་ ཤུབས],
[ཆུ་ མོག་],
[ཧ་ འོ་],
[འདི་ གིས་],
[ཁྱོ་ འུ་],
[ཡེད་ གོ་ ནས་ གོ་],
[འཕུར་ རྟ་],
[སྤུར་ ར་],
[སྒྲ་ བླངས་],
[གང་ བོ་],
[ལྷས་ ཡ་],
[ལྷ ས་ ཡ་],
[ཁྱོད་ ཆུ་],
[ངེད་ ཁ],
[སྣེ་ གེ་],
[སྟོད་ ལྭ],
[དམར་ དྲིལ་],
[ད་ འུ་ དུ་],
[ཇ་ སྐོལ],
[གཡེ ས་ རྒྱུ་མ],
[ཇ་ སྐོལ་],
[དྲོད་ ཆུ་],
[ཁ་ཡ་ ཡེད་],
[བྷོ་ དྷི་],
[ཁྲི་ སྲོང་],
[ལྡན་ བཙན་],
[རྒྱས་ བ་],
[ཀུན་ འདུས་],
[ཁིས་ འུ་],
[སྙོང་ གནས],
[ཁ་ མཚམས་],
[སྔོ་ རིལ་],
[གསར་ བ་],
[མཆོ་ བ་],
[དེ་ ཆ་],
[འཁོལ་ འདྲིས],
[སྙིང་ བོ་],
[རྟག་ རྟེན],
[སྐམ་ ཆུ],
[ལྕགས་ དེམ],
[ཁས་ཉིན་ པ ར],[ཁས་ཉིན་][པ][ར]
[ཧུར་ ར],
[ཁིས་ འི་],
[དུ་ ཆ],
[རླུང་ གཡུགས་],
[ལས་ དུ་ཡོད་],[ལས་ དུ་][ཡོད]
[སྐྱིད་ རྒྱེ་],
[བླངས་ ང་],
[ཕྱེ་མ་ལེབ་ ཚིག་],[ཕྱེ་མ་ལེབ་][ཚིག]
[ཕྱེ་མ་ལེབ་ ཚིག],
[བཟུང་ ང་],
[ངེ་ ཆོས་],
[ཐོངས་ ང་],
[ཨ་ ཐལ་],
[ངུ་ ཉ་],
[ཨུ་ ཐུག་],
[ཨུ་ འཐུང་],
[ནུབ་ ཚ],
[མགྱོགས་ ངེས་ མགྱོགས་ ངེས་],
[ཨུ་ བདེན་],
[སྤོས་ ཆལ་],
[ནིང་ ང་],
[གཅེས་ ཕྲག་],
[རྩེ་ རོགས་],
[ཆུ་ བདུན་],
[བཅོ་ བརྒྱད་],
[རྩ་ དག],
[ཉི་ཤུ་ རྩ་ གཅིག],[ཉི་ཤུ་][རྩ་གཅིག]
[ཞེ་ གཅི],
[ཨེ་ རེད],
[ང་ དྲུ],
[དྲུག་ བཅུ],
[བདུན་ བཅུ],
[འདི་ གོ],
[ཁྱེད་ ཉིས་ ཀི་],[ཁྱོད་ཉིས་][ཀི]
[བྱེ་ རྗེས],
[མི་ བ་ ཁུ་],
[ངེ་ ཆོ འི],
[འཁོལ་ རེ་],
[ང འི་ ཆ འི་],
[གཤིས་ གི་],
[བྱེ་ རྗེས་],
[དུ་ མོང་ཟིག་],[དུ་མོང་][ཟིག]
[ཁྱུར་ སྒི],
[ཆི་ རྫོས་],
[དུ་ མོང་],
[ཨ་བ ས་],
[མིག་ སྤྲི ས་],
[ཕུ་ གཙང་],
[ཕུ་ གཙང་ ཧྭ],[ཕུ་གཙང་][ཧྭ]
[ཅོ་ ཅན་],
[བཙོ་ དྲི་],
[ཇ་ གསོས་],
[ཇ གསོས་],
[ཇ་ གསོས],
[ཞལ་ གསོ་],
[ད་ སང],
[ཁུར་ རྟིག་],
[སྒོམ་ ཆུང་],
[སྤ་ རྒྱན་],
[ཨ་ཧ་ འོ],
[ཆི་ཟིག་ རེད་],
[དུ་ ཆི་ཟིག་],
[འདི་ མོང་],
[དེད་ མྱིག་],
[འུ་ཆ ས་],
[ཨ་ཁུ ར],
[ས་ དམ་ རྒྱལ་ བོ],
[འཇང་ ཕྲུག་],
[ཧ་ ཆི་],
[ཁོ འི་],
[གསོ ར་ རྒྱོ],
[སྒོ ར],
[ཉ ར],
[གྲོང་ ང་],
[མངར་ རོ་],
[ཐེད་ རོ་],
[བེ འི་ རིས་],
[བདགག་ འོ་],
[ཙང་ འ་],
[ཁྱུ་ ཆ་ག་],
[ཁྲི་ ཧུད་],
[ངི་ ཉི་ འུ་],[ངི་ཉི་][འུ]
[ངི་ ཉི་ འི་],
[ཨ་ དེ་],
[ངི་ ཉི་ འི་],[ངིི་ཉི][འི]
[ཁྲི་ ཕུད་],
[ད་ རུབ་],
[གྱོད་ པུ་],
[ཚ་ རི་],
[ད་ ད་ འུ་],[ད་ད་][འུ]
[དེ་མོ ས་],
[བཀྱུ་ སྐྱིད་],
[ག་ ཙི ས་],
[གྲབ་ བ་],
[ཨ་ཙི ས་],
[མིར་སྒེ་ ར་],[མི་སྒེ][ར]
[གྱེ ར་],
[མཉམ་ འཇོག་],
[བྲོ་ བརྡུང་],
[འགྱོ་ རྫོས་],
[དྲེད་ ཕྲུག],
[མཐུག་ ཀོ],
[བྲོ་ འཆམ་],
[བྲོ་ འཆམས་],
[ཧན་ ཆོད་],
[དུ་ ཟི],
[བྱིའུ་ ཕྲུག],
[བྱིའུ་ ཕྲུག་],
[བཅུ ར་],
[ཧོ ས],
[འཛིན་ བདག་],
[བྲག་ རྩལ],
[འོང་ ཤོང],
[འོང་ ཤོར],
[རྙོག་ ཟང་],
[འབུད་ ཀ་],
[མིད་ ཐག་],
[ཟོ་ མ],
[རྫ ས་ ཐ་],
[རྫ ས་ ཐ],
[ངེས་ བ་],
[འཛིན་ དཔོན་],
[ཚོགས་ ཆུང་],
[སོ་ བཞི་],
[རོགས་ བྱེད་],
[འཁུ ས་],
[ནང་ དུ ས་],
[འུ་ འོ་],
[སྐྱག་ ཞར་],
[བདག་ ཤེས་],
[སྟོད་ ལེ་],
[སྟོན་ ལྭ་],
[བཅུག་ ཉེ ས་],
[ཁ་ གྲག་],
[རྒྱབ་ ལྗོངས་],
[གོན་ སྟངས་],
[བྱེད་ བཏང་],
[ཧྲང་ ང་],
[སྐྱ ར་],
[འཕྲིལ་ རྟ],
[ཅང་ ང་],
[ཤ་ བེ་ ཤུབ་ བེ་],
[དྲ་ དངས་],
[དྲ་ ལམ་],
[དགོང་ དག་ཞུ],
[སྐོང་ དང་],
[སྐུད་ ལམ་],
[ཧ་བོ ས་],
[དུ་ མོ ས་],
[ཚོགས་ གི],
[སྔ་ ཙེ་],
[ངས་ ཆོ་],
[གྲོགག་ གོ་],
[ངི་ ཙེ་],
[སྦྲ་ ནག་],
[དགོང་ དག་],
[ཐུགས་རྒྱལ་ མ་ བཞེངས],[ཐུགས་][རྒྱལ་][མ་][བཞེང]
[པ་ ཡེ ས་],
[འོ་ བྱེད་],
[ནེ ས་ ཐག་],
[དྲྭ་ མ་],
[སྤྲོ་ ལངས་],
[ངི་ སྒེ ར་],
[ཡེད་ ས་],
[ཟས་ ཁང་],
[ཆ་ གེ་],
[ཙ་ འས་ ཙིག་འས],
[ཧོ་ ལུས་],
[ཕོ་ ལུས་],
[ད་ ཐེངས་],
[ཆི ས་ རིས་],
[གནང་ པ་],
[ཞབས་ བ་],
[སྒོ་ དུང་],
[རྒྱོས་ རོགས་],
[བྱི་ རོ་],
[གཤ ར་ ཐ་],
[གཤ ར་ ཐལ་],
[འགྲིས་ བ་],
[ངེད་ གེ་],
[ངེད་ ཚང་],
[ཉམ་ འཇོག་],
[ངོམས་ ཆོས་],
[ཐ་ ལྕག་],
[བསོག་ སྐྱིད་],
[བསོག་ ཆས་],
[ཕོ་ མང་],
[ཕ་ བུ་],
[རེ་ བོ་],
[གླུང་ དབྱངས་],
[བྲོ་ རྫ ས་],
[རིག་རིག་ ཐུག་ ཐུག་],[རིག་རིག་][ཐུག་ཐུག]
[ཐུབ་ ཚད་],
[ཨོང་ འགོ་],
[ཉི་ འེ ས་],
[མུ ར་],
[ཁ་ གྱོང་],
[ནུ་ ནུས],
[ཀ་ ཆད་ མ],
[ཇ་ ལྡུགས],
[ཧྲ་ ཁ],
[ཆི ས་ མོ་],
[ལོག་ རིལ],
[ཤོལ་ སྲོང་],
[དཔར་ གྲོགས་],
[རེད་ པེ],
[ལག་ རྒྱུ་],
[མུ་ འི་],
[ངུ་ ཟོ],
[ག་ ཉིས་],
[ཤོད་ ཡ་],
[འདོན་ རྒྱོ་],
[མཐུད་ ཏང་ ན་],[མཐུད་ཏང་][ན]
[དཔོ ར་],
[ཤ་ པོ་],
[ཁྱུ་ ཆ་],
[གཤི་ ར་],
[དུ་ གེ་],
[ངེད་ ག་],
[ངེ་ གཉིས་],
[ཁྱེས་ གེ་],
[འགྲོགགས་ འེ་],
[དུ་ ར],
[དུ འས་],
[མིན་ དྲ],
[ཐང་ ར],
[མར་ ཁ་],
[མ་ རྩེབ་],
[དྲིན་ ཆེན],
[བསྲེགས་ འེ་],
[གས་ ལས་],
[བཏིང་ ངེ་],
[ཁ་ཆ ས་],
[བོ ར་ མོ],
[བོ ར་ མོ་],
[མཚོ་ དབུས་],
[གནམ་ གི་ སྲུང་ རྒྱོ],[གནམ་][གི་][སྲུང་རྒྱོ]
[འདི་ ཉ འི་],[འདི་ཉ][འི]
[ཐུ་ ནོ་ ཁོའུ་],
[ཇ་ འཐུང],
[ལབ་ བེ་],
[ལེབ་ བེ],
[མཛོ་ རོ་],
[ཇ་ དམར],
[གླང་ དམར],
[ཝི་ སུ་ ཁུ་ ནག],
[ཝི་ ཆང་],
[ཤི་ རིས་ ཀོ],
[དེ་ ཉ་],
[ཤོབ་ སྐྱ་],
[ངེད་ ཉི],
[འཐུ་ ས་],
[ཚིག་ རིལ],
[འདི་ག ར་],
[རྫ་ ར་],
[བག་ ཧ],
[ངེད་ ཆོས་],
[ཇ་ སྲུབ་],
[དགུ་ མདུད],
[ཆི་ རྫ ས་],
[འགྱོ་ སྐྱེད་],
[ས ར་],[ས][ར]
[ཡ་ ཐིས],
[ངེ་ ཆོ་],
[ཚེགས་ དེད་],
[འུ་ ཉི་འ་],[འུ་ཉི་][འ]
[འུ་ ཡིས་],
[སྦལ་ བ],
[ཁུ་ཆུ ས་],
[དེ ས་ འཕྲོ་],
[སྡོང་ རིལ་],
[དབང་ བོ་ ཤོར་],[དབང་བོ་][ཤོར]
[སྒྲོག་ བུ་],
[འུ་ ཆ་ག་],[འུ་][ཆ་ག]
[ཧན་ ཐོགས་],
[ཁྱག་ རྩ་],
[སྣུམ་ ཆེན་],
[གན་ མོ],
[གློག་ སྡོང་],
[བཞུ ས་],
[ཧ་ ཡོ],
[ལྷག་ ཀ་],
[དགོ་ དྲུ ས་],
[གློ་ ཁོས་],
[ཐུ་ འི་],
[འཐུ ར་],
[བཀལ་ སྐུད་],
[ངི་ སོ],
[ཁུར་ ཆ་],
[ཧེ་ ཐོ་],
[ང་ འི་],
[ཕན་ མོ་],
[གཡོམ་ རྒྱུ་],
[འཇིག་ ཁུ་],
[ཁྱ་ རིལ་],
[རྩ་ འ་],
[གཡོམ་ ཁུ],
[སྐྱག་ རྒྱུ་],
[ར་ སེ་],
[རྒ་ བོ་],
[ཁུ་ ཚང་],
[ཁྱི་ ཚང་],
[གདུ་ འེ་],
[རོང་ ང་],
[རོང་ ང],
[རོང་ བ],
[དུ་ ཅི ས་],
[ཟི ར་],
[ཚོང་ ང་],
[ཟ་ འང་],
[རོག་ ག་],
[མྱི་ ཐག་],
[རྒྱུ་ སྐ་],
[བསྲེ་ ཡས་],
[བསྒུག་ འས་],
[ལག་ འ],
[རྒྱབ་བ ས་],[རྒྱབ་བ][ས]
[ཁངས་ ང་],
[སེའུ་ ཐོ་],
[བང་ ང་],
[ཨ་ཆེ་ ལོ་ ལོ],[ཨ་ཆེ་][ལོ་ལོ]
[སྡེ་ མིག],
[གླེང་ སྟེགས],
[ཕལ་ ཆེད་],
[ཐབ་ ཚིག],
[གྱོས་ ཡེད་],
[རྫ ས་ དིས་],
[འཐེན་ དིས],
[ཁོ་ ཚོ],
[སྡུག་ ཧ་ ཁུར],
[ང་ ཆོ་],
[ཁྱམས་ སྒྲགས],
[ཨ་ རྫི],
[ལྟ་ མོ་],
[བཀོད་ བསྒྲིག],
[ལྕགས་ འབུག་],
[གླུ་ ལེན],
[སྟོང་ ལྔ་],
[གླུ་ བློང་],
[གཏམ་ བཤད་],
[གཏམ་ བཤད],
[ཆི་ འུ ས],
[བྱ་ ཝང་],
[པོ་ ལ་ཏ],
[ཤུན་ པགས],
[དག ས],
[ཡི་ ན],
[འུན་ འུན],
[དེ ས],[དེ][ས]
[གན་ ཀི],
[ལག་ སྐྱོར],
[འུ་ ཁ་],
[ཡུལ་ ཚོ་],
[འཚོགས་ འ],
[ས་ སྐུ་],
[ཁོང་ ཉ ས་],
[བྲག་ རྩ་],
[གྲགས་ མོ་],
[བྲག་ རྩ],
[ཀན་ ཆ],
[མོ་ མིང་],
[ག་ ཤིག་ འ་],[ག་ཤིག་][འ]
[ཀན་ ཚོས],
[ཧམ་ ཡེ ས་],
[པོ་ ཁུག་],
[ཆི་ རྒུ],
[ཁུ་ སྒུ་],
[དག་ གོ་],
[ཆི ས་ མི་],
[དགོད་ སྐྱེད་],
[སྐ་ ལས་],
[ཚེ་ གཅིག],
[སྐེ་ རག་],
[ཞོར་ ར་],
[ཡོག་ འ་],
[ཁྱི་ ཉ་],
[ངེ་ ཉ་ འ་],
[ཆི ར་ རིས་],
[སྐུ་ རྒྱུགས་],
[ཁྱུ་ ཉ་ འ་],
[དྲ་ ཤོག་],
[གུ་ རེ་],
[རྟག་ ཁ་],
[ཀུ ས་ ར་],
[བཟི་ ཡས་],
[ཤད་ ཚེ་ འ],[ཤད་ཚེ་][འ]
[བདའ་ འོ],
[ཨུ་ ལས་],
[བཟུང་ ར་],
[ཁང་ ཀྱོག་],
[ཁང་ ཀྱོག],
[ཨེམ་ ཆེན་],
[མེད་ ནོ་],
[དྲུག་ འ་],
[དྲུད་ ནོ་],
[སྒྱིག་ སྲོལ་],
[སྐད་ དྲིག་],
[རྫོས་ ར་],
[ཐོན་ རེ་],
[ཆི་ འདུག་],
[ཁུ་ ཉན་],
[གྱབ་ བ་],
[ཚད་ ལེ་],
[ཡི་ གོ་],
[སོང་ ང],
[ཙི་ གེ་],
[ཡོང་ ང],
[དོ་ཡ ས་],
[ཇིག་ འ་],
[ཆི་ ཡིད་],
[འཁོན་ རེ་],
[རྫིག་ ར་],
[བལྟས་ ཡེ],
[ཁོང་ ཆོ་],
[སྐྱེས་ ཏང་ ངེ་],[སྐྱེས་][ཏང་][ངེ]
[འདི་ ཆས་ སོ་],
[ཤུ་ རེ་ གོ་],
[མྱི་ ལམ་],
[འཕྲོད་ དྲེ],
[ལྡུག་ སྐྱེད་],
[བར་ རྡོ],
[པུ་ ཝང་],
[ཁུར་ ར ས་],
[ཀན་ ཆོ་],
[སྒྲོལ་ མེ་],
[བཞི་ བ],
[བཀའ་ བསྒྱུར་],
[གསེར་ རྟོགས],
[བསག་ སྦྱོང་],
[ཕྱོགས་ བཅུ་],
[ཁོང་ ཆས་],
[ཉིན་ མོང་ གོང],
[ཞི ར་],
[བེེ་ ར་],
[རྭ་ རྫོང་],
[བདཀ་ གོ],
[དགོ་ རྫ ས་],
[ངམ་ ནག་ ཟིག],[ངམ་ནག་][ཟིག]
[གཉིད་ རྐྱལ],
[གཡོ་ རྐྱལ],
[རྫང་ རྐྱལ],
[ཐིག་ ལེ་],
[ལག་ ཁྱོག],
[རྒྱ་ རིལ],
[སྐྱ་ རོ་],
[རྒྱལ་ཁབ་ བ],[རྒྱལ་ཁབ་][བ]
[རྐྱེན་ ཁ་],
[སྐྲག་ མོ་],
[བཙན་ འ་],
[མཆན་ པ],
[རིང་ ཕོ་],
[རྒྱ་ སྟག་མ་],
[སྤོ་ ཆི་ ཙིག་ ལངས་],[སྤོ་][ཆི་ཙིག་][ལངས]
[མྱི་ རྒན་],
[ཆེན་ བ],
[འུར་ རྒྱག་],
[བབ་ ཙིག་],
[ཚིག་ རྩ་],
[སོ་ བཅུ་],
[ཧར་ ཆེ་],
[ཁ་ སླའུ],[ཁ་སླ][འུ]
[གནམ་ གི་ སྲུང་ དགོས],[གནམ་][གི་][སྲུང་][དགོས]
[ཧན་ ཁ],
[ཨ་རོ་ ཆ་],[ཨ་རོ་][ཆ]
[ཆེས་ སྔ་],
[ཁྱེར་ ཕྲིན་],
[ད་ སོ],
[བསོལ་ མོ་],
[བྱི་ སྐྱིད་],
[ང་ ཚོས་],[ང་ཚོ][ས]
[ས་ རྐོ་ ལག་ རིང་],
[སྐྱག་ འེ་],
[དྲིལ་ ཤོག་],
[ཇ་ འང་],
[བཀའ་ འེ],
[ཁྱེ་ ཀ ས་],[ཁྱེ་ཀ][ས]
[ཁྱེ་ ཀ],
[ཁྱི་ སྐ་],
[དོག་ འ],
[ཉ་ ས་],
[ནང་ འ],
[ཁྱོད་ ཀི་],[ཁྱོད་][ཀི]
[བསམ་བློ་ བ],[བསམ་བློ་][བ]
[ཆ་ གཅིག་],
[ཕྱག་ འཚལ་ ལོ],[ཕྱག་འཚལ་][ལོ]
[བྱམས་ པ],
[ས་ ཡི་ སྙིང་ བོ་],[ས་][ཡི་][སྙིང་པོ]
[མིག་སྟོང་ ལྡན་],[མིག་སྟོང་][ལྡན]
[པི་ ཝཾ་],
[ས་ གསུམ་],
[བཅོམ་ ལྡན],
[སྲིད་ གསུམ་],
[ཁམས་ གསུམ་],
[བཀོལ་ པ་],
[དུ་ འུས་ ད་],[དུ་འུས་][ད]
[ཧུད་ འུ་ ནས་],[ཧུད་འུ][ནས]
[ཐང་ སུང་],
[དུ་ སང་],
[དེ་ འུ ས་],
[འ་ འོ],
[ཀོ་ སྡེར་],
[ཆི་ བརྫས་],
[ནངས་ ག་],
[ཇ་ ལྡུག],
[གསོལ་བ་ འདེབས],
[འགྱིག་ ཁུག],
[ཧོང་ རྫོགས་ རྒྱོ],
[གཏུབ་ སྐྱེད་],
[ཐུམ་ ཤུབ],
[ཐུམ་ ཤིབ],
[འཁྱགས་ སྒམ],
[རྒྱ་ ཆེ་],
[ནས་ བརྔོས],
[ཁྱེད་ ཉ ས་],
[ཞོག་ ཡས],
[ཧྲང་བ ར་],[ཧྲང་བ][ར]
[དཀྲུག་ ཇ],
[མཁྲིས་ པ],
[མོ ས་],
[ཚང་མ ས],
[རབས་ བྱུང་],
[ལུས་ བོ་],
[ཡུས་ ལི་],
[སྡོད་དྲ འི་],[སྡོད་དྲ][འི]
[ཧར་ ལོངས་],
[སྒོ་ འུ་],
[འད འོ་],
[བདག་ ཧ་],
[འདུག་ འས་ ཞོག་],
[ཨུ་ ཡིན་ ན་],[ཨུ་ཡིན་][ན]
[ད་ ཟི་ གི་],[ད་][ཟི་][གི]
[སྒོ་ཁ་ རུ་ གི་ ནི་],
[གོར་མོ་ རྡོ],
[ཡག་ ཧ་ར་],[ཡག་ཧ་][ར]
[གཅུ ར་],
[འདང་ འུ],
[འཚོ་ བསྡུས་],
[འཇུ ར་],
[ལ་ མི་ འཇུག་],[ལ་][མི་][འཇུག]
[ཆི་ ཡེད་ ཁུ་ ཡོད་],
[གྲལ་ སྒྲིག་],
[སྦལ་ བ་],
[ཡེད་ ཐང་],
[ཨ་ བུ],
[མྱི་ སོ་],
[ཁེ་ རུ],
[མ་ -ཁུ་],
[དཀར་ པོ་],
[གླེན་ རྟགས་],
[དབྱ ར་],